[
    {
        "name": "FOOTPRINT_SAND",
        "rotatable": false,
        "fp_offset_x": 12,
        "fp_offset_y": 2,
        "td_offset_x": 11,
        "td_offset_y": 3,
        "fp": [
            [
                {"file": "footprints/footprint_sand_fp/r1frame01.png"},
                {"file": "footprints/footprint_sand_fp/r1frame02.png"},
                {"file": "footprints/footprint_sand_fp/r1frame03.png"},
                {"file": "footprints/footprint_sand_fp/r1frame04.png"},
                {"file": "footprints/footprint_sand_fp/r1frame05.png"}
            ]
        ],
        "td": [
            [
                {"file": "footprints/footprint_sand_td/r1frame01.png"},
                {"file": "footprints/footprint_sand_td/r1frame02.png"},
                {"file": "footprints/footprint_sand_td/r1frame03.png"},
                {"file": "footprints/footprint_sand_td/r1frame04.png"},
                {"file": "footprints/footprint_sand_td/r1frame05.png"}
            ]
        ]
    },
    {
        "name": "FOOTPRINT_GYPSUM",
        "rotatable": false,
        "fp_offset_x": 12,
        "fp_offset_y": 2,
        "td_offset_x": 11,
        "td_offset_y": 3,
        "fp": [
            [
                {"file": "footprints/footprint_gypsum_fp/r1frame01.png"},
                {"file": "footprints/footprint_gypsum_fp/r1frame02.png"},
                {"file": "footprints/footprint_gypsum_fp/r1frame03.png"},
                {"file": "footprints/footprint_gypsum_fp/r1frame04.png"},
                {"file": "footprints/footprint_gypsum_fp/r1frame05.png"}
            ]
        ],
        "td": [
            [
                {"file": "footprints/footprint_gypsum_td/r1frame01.png"},
                {"file": "footprints/footprint_gypsum_td/r1frame02.png"},
                {"file": "footprints/footprint_gypsum_td/r1frame03.png"},
                {"file": "footprints/footprint_gypsum_td/r1frame04.png"},
                {"file": "footprints/footprint_gypsum_td/r1frame05.png"}
            ]
        ]
    }
]