[
	{
		"name": "DRUID_TORTURE",
		"rotatable": false,
		"fp_offset_x": 63,
		"fp_offset_y": 101,
		"td_offset_x": 53,
		"td_offset_y": 76,
		"fp": [
			[
				{
					"file": "torture_fp/r1frame01.png"
				},
				{
					"file": "torture_fp/r1frame02.png"
				},
				{
					"file": "torture_fp/r1frame03.png"
				},
				{
					"file": "torture_fp/r1frame04.png"
				},
				{
					"file": "torture_fp/r1frame05.png"
				},
				{
					"file": "torture_fp/r1frame06.png"
				},
				{
					"file": "torture_fp/r1frame07.png"
				},
				{
					"file": "torture_fp/r1frame08.png"
				}
			]
		],
		"td": [
			[
				{
					"file": "torture_td/r1frame01.png"
				},
				{
					"file": "torture_td/r1frame02.png"
				},
				{
					"file": "torture_td/r1frame03.png"
				},
				{
					"file": "torture_td/r1frame04.png"
				},
				{
					"file": "torture_td/r1frame05.png"
				},
				{
					"file": "torture_td/r1frame06.png"
				},
				{
					"file": "torture_td/r1frame07.png"
				},
				{
					"file": "torture_td/r1frame08.png"
				}
			]
		]
	},
	{
		"name": "DRUID_WALK",
		"rotatable": true,
		"fp_offset_x": 30,
		"fp_offset_y": 70,
		"td_offset_x": 23,
		"td_offset_y": 49,
		"fp": [
			[
				{
					"file": "walk_fp/r1frame01.png"
				},
				{
					"file": "walk_fp/r1frame02.png"
				},
				{
					"file": "walk_fp/r1frame03.png"
				},
				{
					"file": "walk_fp/r1frame04.png"
				},
				{
					"file": "walk_fp/r1frame05.png"
				},
				{
					"file": "walk_fp/r1frame06.png"
				}
			],
			[
				{
					"file": "walk_fp/r2frame01.png"
				},
				{
					"file": "walk_fp/r2frame02.png"
				},
				{
					"file": "walk_fp/r2frame03.png"
				},
				{
					"file": "walk_fp/r2frame04.png"
				},
				{
					"file": "walk_fp/r2frame05.png"
				},
				{
					"file": "walk_fp/r2frame06.png"
				}
			],
			[
				{
					"file": "walk_fp/r3frame01.png"
				},
				{
					"file": "walk_fp/r3frame02.png"
				},
				{
					"file": "walk_fp/r3frame03.png"
				},
				{
					"file": "walk_fp/r3frame04.png"
				},
				{
					"file": "walk_fp/r3frame05.png"
				},
				{
					"file": "walk_fp/r3frame06.png"
				}
			],
			[
				{
					"file": "walk_fp/r4frame01.png"
				},
				{
					"file": "walk_fp/r4frame02.png"
				},
				{
					"file": "walk_fp/r4frame03.png"
				},
				{
					"file": "walk_fp/r4frame04.png"
				},
				{
					"file": "walk_fp/r4frame05.png"
				},
				{
					"file": "walk_fp/r4frame06.png"
				}
			],
			[
				{
					"file": "walk_fp/r5frame01.png"
				},
				{
					"file": "walk_fp/r5frame02.png"
				},
				{
					"file": "walk_fp/r5frame03.png"
				},
				{
					"file": "walk_fp/r5frame04.png"
				},
				{
					"file": "walk_fp/r5frame05.png"
				},
				{
					"file": "walk_fp/r5frame06.png"
				}
			]
		],
		"td": [
			[
				{
					"file": "walk_td/r1frame01.png"
				},
				{
					"file": "walk_td/r1frame02.png"
				},
				{
					"file": "walk_td/r1frame03.png"
				},
				{
					"file": "walk_td/r1frame04.png"
				},
				{
					"file": "walk_td/r1frame05.png"
				},
				{
					"file": "walk_td/r1frame06.png"
				}
			],
			[
				{
					"file": "walk_td/r2frame01.png"
				},
				{
					"file": "walk_td/r2frame02.png"
				},
				{
					"file": "walk_td/r2frame03.png"
				},
				{
					"file": "walk_td/r2frame04.png"
				},
				{
					"file": "walk_td/r2frame05.png"
				},
				{
					"file": "walk_td/r2frame06.png"
				}
			],
			[
				{
					"file": "walk_td/r3frame01.png"
				},
				{
					"file": "walk_td/r3frame02.png"
				},
				{
					"file": "walk_td/r3frame03.png"
				},
				{
					"file": "walk_td/r3frame04.png"
				},
				{
					"file": "walk_td/r3frame05.png"
				},
				{
					"file": "walk_td/r3frame06.png"
				}
			],
			[
				{
					"file": "walk_td/r4frame01.png"
				},
				{
					"file": "walk_td/r4frame02.png"
				},
				{
					"file": "walk_td/r4frame03.png"
				},
				{
					"file": "walk_td/r4frame04.png"
				},
				{
					"file": "walk_td/r4frame05.png"
				},
				{
					"file": "walk_td/r4frame06.png"
				}
			],
			[
				{
					"file": "walk_td/r5frame01.png"
				},
				{
					"file": "walk_td/r5frame02.png"
				},
				{
					"file": "walk_td/r5frame03.png"
				},
				{
					"file": "walk_td/r5frame04.png"
				},
				{
					"file": "walk_td/r5frame05.png"
				},
				{
					"file": "walk_td/r5frame06.png"
				}
			]
		]
	},
	{
		"name": "DRUID_STAND",
		"rotatable": true,
		"fp_offset_x": 29,
		"fp_offset_y": 69,
		"td_offset_x": 23,
		"td_offset_y": 49,
		"fp": [
			[
				{
					"file": "stand_fp/r1frame01.png"
				}
			],
			[
				{
					"file": "stand_fp/r2frame01.png"
				}
			],
			[
				{
					"file": "stand_fp/r3frame01.png"
				}
			],
			[
				{
					"file": "stand_fp/r4frame01.png"
				}
			],
			[
				{
					"file": "stand_fp/r5frame01.png"
				}
			]
		],
		"td": [
			[
				{
					"file": "stand_td/r1frame01.png"
				}
			],
			[
				{
					"file": "stand_td/r2frame01.png"
				}
			],
			[
				{
					"file": "stand_td/r3frame01.png"
				}
			],
			[
				{
					"file": "stand_td/r4frame01.png"
				}
			],
			[
				{
					"file": "stand_td/r5frame01.png"
				}
			]
		]
	},
	{
		"name": "DRUID_ATTACK",
		"rotatable": true,
		"fp_offset_x": 41,
		"fp_offset_y": 69,
		"td_offset_x": 32,
		"td_offset_y": 50,
		"fp": [
			[
				{
					"file": "attack_fp/r1frame01.png"
				},
				{
					"file": "attack_fp/r1frame02.png"
				},
				{
					"file": "attack_fp/r1frame03.png"
				},
				{
					"file": "attack_fp/r1frame04.png"
				},
				{
					"file": "attack_fp/r1frame05.png"
				}
			],
			[
				{
					"file": "attack_fp/r2frame01.png"
				},
				{
					"file": "attack_fp/r2frame02.png"
				},
				{
					"file": "attack_fp/r2frame03.png"
				},
				{
					"file": "attack_fp/r2frame04.png"
				},
				{
					"file": "attack_fp/r2frame05.png"
				}
			],
			[
				{
					"file": "attack_fp/r3frame01.png"
				},
				{
					"file": "attack_fp/r3frame02.png"
				},
				{
					"file": "attack_fp/r3frame03.png"
				},
				{
					"file": "attack_fp/r3frame04.png"
				},
				{
					"file": "attack_fp/r3frame05.png"
				}
			],
			[
				{
					"file": "attack_fp/r4frame01.png"
				},
				{
					"file": "attack_fp/r4frame02.png"
				},
				{
					"file": "attack_fp/r4frame03.png"
				},
				{
					"file": "attack_fp/r4frame04.png"
				},
				{
					"file": "attack_fp/r4frame05.png"
				}
			],
			[
				{
					"file": "attack_fp/r5frame01.png"
				},
				{
					"file": "attack_fp/r5frame02.png"
				},
				{
					"file": "attack_fp/r5frame03.png"
				},
				{
					"file": "attack_fp/r5frame04.png"
				},
				{
					"file": "attack_fp/r5frame05.png"
				}
			]
		],
		"td": [
			[
				{
					"file": "attack_td/r1frame01.png"
				},
				{
					"file": "attack_td/r1frame02.png"
				},
				{
					"file": "attack_td/r1frame03.png"
				},
				{
					"file": "attack_td/r1frame04.png"
				},
				{
					"file": "attack_td/r1frame05.png"
				}
			],
			[
				{
					"file": "attack_td/r2frame01.png"
				},
				{
					"file": "attack_td/r2frame02.png"
				},
				{
					"file": "attack_td/r2frame03.png"
				},
				{
					"file": "attack_td/r2frame04.png"
				},
				{
					"file": "attack_td/r2frame05.png"
				}
			],
			[
				{
					"file": "attack_td/r3frame01.png"
				},
				{
					"file": "attack_td/r3frame02.png"
				},
				{
					"file": "attack_td/r3frame03.png"
				},
				{
					"file": "attack_td/r3frame04.png"
				},
				{
					"file": "attack_td/r3frame05.png"
				}
			],
			[
				{
					"file": "attack_td/r4frame01.png"
				},
				{
					"file": "attack_td/r4frame02.png"
				},
				{
					"file": "attack_td/r4frame03.png"
				},
				{
					"file": "attack_td/r4frame04.png"
				},
				{
					"file": "attack_td/r4frame05.png"
				}
			],
			[
				{
					"file": "attack_td/r5frame01.png"
				},
				{
					"file": "attack_td/r5frame02.png"
				},
				{
					"file": "attack_td/r5frame03.png"
				},
				{
					"file": "attack_td/r5frame04.png"
				},
				{
					"file": "attack_td/r5frame05.png"
				}
			]
		]
	},
	{
		"name": "DRUID_HIT",
		"rotatable": true,
		"fp_offset_x": 32,
		"fp_offset_y": 69,
		"td_offset_x": 25,
		"td_offset_y": 49,
		"fp": [
			[
				{
					"file": "hit_fp/r1frame01.png"
				}
			],
			[
				{
					"file": "hit_fp/r2frame01.png"
				}
			],
			[
				{
					"file": "hit_fp/r3frame01.png"
				}
			],
			[
				{
					"file": "hit_fp/r4frame01.png"
				}
			],
			[
				{
					"file": "hit_fp/r5frame01.png"
				}
			]
		],
		"td": [
			[
				{
					"file": "hit_td/r1frame01.png"
				}
			],
			[
				{
					"file": "hit_td/r2frame01.png"
				}
			],
			[
				{
					"file": "hit_td/r3frame01.png"
				}
			],
			[
				{
					"file": "hit_td/r4frame01.png"
				}
			],
			[
				{
					"file": "hit_td/r5frame01.png"
				}
			]
		]
	},
	{
		"name": "DRUID_COMPLAIN",
		"rotatable": false,
		"fp_offset_x": 26,
		"fp_offset_y": 59,
		"td_offset_x": 21,
		"td_offset_y": 44,
		"fp": [
			[
				{
					"file": "complain_fp/r1frame01.png"
				},
				{
					"file": "complain_fp/r1frame02.png"
				},
				{
					"file": "complain_fp/r1frame03.png"
				},
				{
					"file": "complain_fp/r1frame04.png"
				}
			]
		],
		"td": [
			[
				{
					"file": "complain_td/r1frame01.png"
				},
				{
					"file": "complain_td/r1frame02.png"
				},
				{
					"file": "complain_td/r1frame03.png"
				},
				{
					"file": "complain_td/r1frame04.png"
				}
			]
		]
	},
	{
		"name": "DRUID_DYING",
		"rotatable": false,
		"fp_offset_x": 54,
		"fp_offset_y": 51,
		"td_offset_x": 39,
		"td_offset_y": 33,
		"fp": [
			[
				{
					"file": "dying_fp/r1frame01.png"
				},
				{
					"file": "dying_fp/r1frame02.png"
				}
			]
		],
		"td": [
			[
				{
					"file": "dying_td/r1frame01.png"
				},
				{
					"file": "dying_td/r1frame02.png"
				}
			]
		]
	},
	{
		"name": "DRUID_PICKEDUP",
		"rotatable": false,
		"fp_offset_x": 27,
		"fp_offset_y": 69,
		"td_offset_x": 21,
		"td_offset_y": 40,
		"fp": [
			[
				{
					"file": "pickedup_fp/r1frame01.png"
				},
				{
					"file": "pickedup_fp/r1frame02.png"
				},
				{
					"file": "pickedup_fp/r1frame03.png"
				},
				{
					"file": "pickedup_fp/r1frame04.png"
				},
				{
					"file": "pickedup_fp/r1frame05.png"
				},
				{
					"file": "pickedup_fp/r1frame06.png"
				}
			]
		],
		"td": [
			[
				{
					"file": "pickedup_td/r1frame01.png"
				},
				{
					"file": "pickedup_td/r1frame02.png"
				},
				{
					"file": "pickedup_td/r1frame03.png"
				},
				{
					"file": "pickedup_td/r1frame04.png"
				},
				{
					"file": "pickedup_td/r1frame05.png"
				},
				{
					"file": "pickedup_td/r1frame06.png"
				}
			]
		]
	},
	{
		"name": "DRUID_CELEBRATE",
		"rotatable": false,
		"fp_offset_x": 44,
		"fp_offset_y": 73,
		"td_offset_x": 38,
		"td_offset_y": 46,
		"fp": [
			[
				{
					"file": "celebrate_fp/r1frame01.png"
				},
				{
					"file": "celebrate_fp/r1frame02.png"
				},
				{
					"file": "celebrate_fp/r1frame03.png"
				},
				{
					"file": "celebrate_fp/r1frame04.png"
				}
			]
		],
		"td": [
			[
				{
					"file": "celebrate_td/r1frame01.png"
				},
				{
					"file": "celebrate_td/r1frame02.png"
				},
				{
					"file": "celebrate_td/r1frame03.png"
				},
				{
					"file": "celebrate_td/r1frame04.png"
				}
			]
		]
	},
	{
		"name": "DRUID_LAIRSLEEP",
		"rotatable": false,
		"fp_offset_x": 16,
		"fp_offset_y": 69,
		"td_offset_x": 12,
		"td_offset_y": 40,
		"fp": [
			[
				{
					"file": "lairsleep_fp/r1frame01.png"
				},
				{
					"file": "lairsleep_fp/r1frame02.png"
				},
				{
					"file": "lairsleep_fp/r1frame03.png"
				},
				{
					"file": "lairsleep_fp/r1frame04.png"
				},
				{
					"file": "lairsleep_fp/r1frame05.png"
				},
				{
					"file": "lairsleep_fp/r1frame06.png"
				},
				{
					"file": "lairsleep_fp/r1frame07.png"
				},
				{
					"file": "lairsleep_fp/r1frame08.png"
				}
			]
		],
		"td": [
			[
				{
					"file": "lairsleep_td/r1frame01.png"
				},
				{
					"file": "lairsleep_td/r1frame02.png"
				},
				{
					"file": "lairsleep_td/r1frame03.png"
				},
				{
					"file": "lairsleep_td/r1frame04.png"
				},
				{
					"file": "lairsleep_td/r1frame05.png"
				},
				{
					"file": "lairsleep_td/r1frame06.png"
				},
				{
					"file": "lairsleep_td/r1frame07.png"
				},
				{
					"file": "lairsleep_td/r1frame08.png"
				}
			]
		]
	},
	{
		"name": "DRUID_SLAPPED",
		"rotatable": true,
		"fp_offset_x": 29,
		"fp_offset_y": 54,
		"td_offset_x": 23,
		"td_offset_y": 44,
		"fp": [
			[
				{
					"file": "slapped_fp/r1frame01.png"
				}
			],
			[
				{
					"file": "slapped_fp/r2frame01.png"
				}
			],
			[
				{
					"file": "slapped_fp/r3frame01.png"
				}
			],
			[
				{
					"file": "slapped_fp/r4frame01.png"
				}
			],
			[
				{
					"file": "slapped_fp/r5frame01.png"
				}
			]
		],
		"td": [
			[
				{
					"file": "slapped_td/r1frame01.png"
				}
			],
			[
				{
					"file": "slapped_td/r2frame01.png"
				}
			],
			[
				{
					"file": "slapped_td/r3frame01.png"
				}
			],
			[
				{
					"file": "slapped_td/r4frame01.png"
				}
			],
			[
				{
					"file": "slapped_td/r5frame01.png"
				}
			]
		]
	},
	{
		"name": "DRUID_EATCHICKEN",
		"rotatable": false,
		"fp_offset_x": 44,
		"fp_offset_y": 71,
		"td_offset_x": 33,
		"td_offset_y": 41,
		"fp": [
			[
				{
					"file": "eatchicken_fp/r1frame01.png"
				},
				{
					"file": "eatchicken_fp/r1frame02.png"
				},
				{
					"file": "eatchicken_fp/r1frame03.png"
				},
				{
					"file": "eatchicken_fp/r1frame04.png"
				},
				{
					"file": "eatchicken_fp/r1frame05.png"
				},
				{
					"file": "eatchicken_fp/r1frame06.png"
				},
				{
					"file": "eatchicken_fp/r1frame07.png"
				},
				{
					"file": "eatchicken_fp/r1frame08.png"
				}
			]
		],
		"td": [
			[
				{
					"file": "eatchicken_td/r1frame01.png"
				},
				{
					"file": "eatchicken_td/r1frame02.png"
				},
				{
					"file": "eatchicken_td/r1frame03.png"
				},
				{
					"file": "eatchicken_td/r1frame04.png"
				},
				{
					"file": "eatchicken_td/r1frame05.png"
				},
				{
					"file": "eatchicken_td/r1frame06.png"
				},
				{
					"file": "eatchicken_td/r1frame07.png"
				},
				{
					"file": "eatchicken_td/r1frame08.png"
				}
			]
		]
	},
	{
		"name": "DRUID_LAIR",
		"rotatable": false,
		"fp_offset_x": 44,
		"fp_offset_y": 28,
		"td_offset_x": 30,
		"td_offset_y": 28,
		"fp": [
			[
				{
					"file": "animlair/druidlair_fp.png"
				}
			]
		],
		"td": [
			[
				{
					"file": "animlair/druidlair_td.png"
				}
			]
		]
	}
]