[
{
"name": "DRUID_STAND",
"rotatable": true,
"fp_offset_x": 32,"fp_offset_y": 76,
"td_offset_x": 27,"td_offset_y": 54,

"fp":
[
	[{"file": "druid/IDLE_FP/1A.png"}],
	[{"file": "druid/IDLE_FP/2A.png"}],
	[{"file": "druid/IDLE_FP/3A.png"}],
	[{"file": "druid/IDLE_FP/4A.png"}],
	[{"file": "druid/IDLE_FP/5A.png"}]
	],
		"td":
		[
		[{"file": "druid/IDLE_TD/1A.png"}],
		[{"file": "druid/IDLE_TD/2A.png"}],
		[{"file": "druid/IDLE_TD/3A.png"}],
		[{"file": "druid/IDLE_TD/4A.png"}],
		[{"file": "druid/IDLE_TD/5A.png"}]
		]
},
{
"name": "DRUID_HIT",
"rotatable": true,
"fp_offset_x": 31,"fp_offset_y": 74,
"td_offset_x": 29,"td_offset_y": 56,

"fp":
[
	[{"file": "druid/HIT_FP/1A.png"}],
	[{"file": "druid/HIT_FP/2A.png"}],
	[{"file": "druid/HIT_FP/3A.png"}],
	[{"file": "druid/HIT_FP/4A.png"}],
	[{"file": "druid/HIT_FP/5A.png"}]
	],
		"td":
		[
		[{"file": "druid/HIT_TD/1A.png"}],
		[{"file": "druid/HIT_TD/2A.png"}],
		[{"file": "druid/HIT_TD/3A.png"}],
		[{"file": "druid/HIT_TD/4A.png"}],
		[{"file": "druid/HIT_TD/5A.png"}]
		]
},

{
"name": "DRUID_WALK",
"rotatable": true,
"fp_offset_x": 44,"fp_offset_y": 75,
"td_offset_x": 37,"td_offset_y": 57,

	"fp":
	[
	[
	{"file": "druid/WALK_FP/1A.png"},
	{"file": "druid/WALK_FP/1B.png"},
	{"file": "druid/WALK_FP/1C.png"},
	{"file": "druid/WALK_FP/1D.png"},
	{"file": "druid/WALK_FP/1E.png"},
	{"file": "druid/WALK_FP/1F.png"},
	{"file": "druid/WALK_FP/1G.png"},
	{"file": "druid/WALK_FP/1H.png"}
	],
	[
	{"file": "druid/WALK_FP/2A.png"},
	{"file": "druid/WALK_FP/2B.png"},
	{"file": "druid/WALK_FP/2C.png"},
	{"file": "druid/WALK_FP/2D.png"},
	{"file": "druid/WALK_FP/2E.png"},
	{"file": "druid/WALK_FP/2F.png"},
	{"file": "druid/WALK_FP/2G.png"},
	{"file": "druid/WALK_FP/2H.png"}
	],
	[
	{"file": "druid/WALK_FP/3A.png"},
	{"file": "druid/WALK_FP/3B.png"},
	{"file": "druid/WALK_FP/3C.png"},
	{"file": "druid/WALK_FP/3D.png"},
	{"file": "druid/WALK_FP/3E.png"},
	{"file": "druid/WALK_FP/3F.png"},
	{"file": "druid/WALK_FP/3G.png"},
	{"file": "druid/WALK_FP/3H.png"}
	],
	[
	{"file": "druid/WALK_FP/4A.png"},
	{"file": "druid/WALK_FP/4B.png"},
	{"file": "druid/WALK_FP/4C.png"},
	{"file": "druid/WALK_FP/4D.png"},
	{"file": "druid/WALK_FP/4E.png"},
	{"file": "druid/WALK_FP/4F.png"},
	{"file": "druid/WALK_FP/4G.png"},
	{"file": "druid/WALK_FP/4H.png"}
	],
	[
	{"file": "druid/WALK_FP/5A.png"},
	{"file": "druid/WALK_FP/5B.png"},
	{"file": "druid/WALK_FP/5C.png"},
	{"file": "druid/WALK_FP/5D.png"},
	{"file": "druid/WALK_FP/5E.png"},
	{"file": "druid/WALK_FP/5F.png"},
	{"file": "druid/WALK_FP/5G.png"},
	{"file": "druid/WALK_FP/5H.png"}
	]
	],

"td":
	[
	[
	{"file": "druid/WALK_TD/1A.png"},
	{"file": "druid/WALK_TD/1B.png"},
	{"file": "druid/WALK_TD/1C.png"},
	{"file": "druid/WALK_TD/1D.png"},
	{"file": "druid/WALK_TD/1E.png"},
	{"file": "druid/WALK_TD/1F.png"},
	{"file": "druid/WALK_TD/1G.png"},
	{"file": "druid/WALK_TD/1H.png"}
	],
	[
	{"file": "druid/WALK_TD/2A.png"},
	{"file": "druid/WALK_TD/2B.png"},
	{"file": "druid/WALK_TD/2C.png"},
	{"file": "druid/WALK_TD/2D.png"},
	{"file": "druid/WALK_TD/2E.png"},
	{"file": "druid/WALK_TD/2F.png"},
	{"file": "druid/WALK_TD/2G.png"},
	{"file": "druid/WALK_TD/2H.png"}
	],
	[
	{"file": "druid/WALK_TD/3A.png"},
	{"file": "druid/WALK_TD/3B.png"},
	{"file": "druid/WALK_TD/3C.png"},
	{"file": "druid/WALK_TD/3D.png"},
	{"file": "druid/WALK_TD/3E.png"},
	{"file": "druid/WALK_TD/3F.png"},
	{"file": "druid/WALK_TD/3G.png"},
	{"file": "druid/WALK_TD/3H.png"}
	],
	[
	{"file": "druid/WALK_TD/4A.png"},
	{"file": "druid/WALK_TD/4B.png"},
	{"file": "druid/WALK_TD/4C.png"},
	{"file": "druid/WALK_TD/4D.png"},
	{"file": "druid/WALK_TD/4E.png"},
	{"file": "druid/WALK_TD/4F.png"},
	{"file": "druid/WALK_TD/4G.png"},
	{"file": "druid/WALK_TD/4H.png"}
	],
	[
	{"file": "druid/WALK_TD/5A.png"},
	{"file": "druid/WALK_TD/5B.png"},
	{"file": "druid/WALK_TD/5C.png"},
	{"file": "druid/WALK_TD/5D.png"},
	{"file": "druid/WALK_TD/5E.png"},
	{"file": "druid/WALK_TD/5F.png"},
	{"file": "druid/WALK_TD/5G.png"},
	{"file": "druid/WALK_TD/5H.png"}
	]
	]
},
{
"name": "DRUID_MELEE",
"rotatable": true,
"fp_offset_x": 49,"fp_offset_y": 74,
"td_offset_x": 40,"td_offset_y": 72,

	"fp":
	[
	[
	{"file": "druid/MELEE_FP/1A.png"},
	{"file": "druid/MELEE_FP/1B.png"},
	{"file": "druid/MELEE_FP/1C.png"},
	{"file": "druid/MELEE_FP/1D.png"},
	{"file": "druid/MELEE_FP/1E.png"},
	{"file": "druid/MELEE_FP/1F.png"},
	{"file": "druid/MELEE_FP/1G.png"}
	],
	[
	{"file": "druid/MELEE_FP/2A.png"},
	{"file": "druid/MELEE_FP/2B.png"},
	{"file": "druid/MELEE_FP/2C.png"},
	{"file": "druid/MELEE_FP/2D.png"},
	{"file": "druid/MELEE_FP/2E.png"},
	{"file": "druid/MELEE_FP/2F.png"},
	{"file": "druid/MELEE_FP/2G.png"}
	],
	[
	{"file": "druid/MELEE_FP/3A.png"},
	{"file": "druid/MELEE_FP/3B.png"},
	{"file": "druid/MELEE_FP/3C.png"},
	{"file": "druid/MELEE_FP/3D.png"},
	{"file": "druid/MELEE_FP/3E.png"},
	{"file": "druid/MELEE_FP/3F.png"},
	{"file": "druid/MELEE_FP/3G.png"}
	],
	[
	{"file": "druid/MELEE_FP/4A.png"},
	{"file": "druid/MELEE_FP/4B.png"},
	{"file": "druid/MELEE_FP/4C.png"},
	{"file": "druid/MELEE_FP/4D.png"},
	{"file": "druid/MELEE_FP/4E.png"},
	{"file": "druid/MELEE_FP/4F.png"},
	{"file": "druid/MELEE_FP/4G.png"}
	],
	[
	{"file": "druid/MELEE_FP/5A.png"},
	{"file": "druid/MELEE_FP/5B.png"},
	{"file": "druid/MELEE_FP/5C.png"},
	{"file": "druid/MELEE_FP/5D.png"},
	{"file": "druid/MELEE_FP/5E.png"},
	{"file": "druid/MELEE_FP/5F.png"},
	{"file": "druid/MELEE_FP/5G.png"}
	]
	],
	"td":
	[
	[
	{"file": "druid/MELEE_TD/1A.png"},
	{"file": "druid/MELEE_TD/1B.png"},
	{"file": "druid/MELEE_TD/1C.png"},
	{"file": "druid/MELEE_TD/1D.png"},
	{"file": "druid/MELEE_TD/1E.png"},
	{"file": "druid/MELEE_TD/1F.png"},
	{"file": "druid/MELEE_TD/1G.png"}
	],

	[
	{"file": "druid/MELEE_TD/2A.png"},
	{"file": "druid/MELEE_TD/2B.png"},
	{"file": "druid/MELEE_TD/2C.png"},
	{"file": "druid/MELEE_TD/2D.png"},
	{"file": "druid/MELEE_TD/2E.png"},
	{"file": "druid/MELEE_TD/2F.png"},
	{"file": "druid/MELEE_TD/2G.png"}
	],
				
	[
	{"file": "druid/MELEE_TD/3A.png"},
	{"file": "druid/MELEE_TD/3B.png"},
	{"file": "druid/MELEE_TD/3C.png"},
	{"file": "druid/MELEE_TD/3D.png"},
	{"file": "druid/MELEE_TD/3E.png"},
	{"file": "druid/MELEE_TD/3F.png"},
	{"file": "druid/MELEE_TD/3G.png"}
	],

	[
	{"file": "druid/MELEE_TD/4A.png"},
	{"file": "druid/MELEE_TD/4B.png"},
	{"file": "druid/MELEE_TD/4C.png"},
	{"file": "druid/MELEE_TD/4D.png"},
	{"file": "druid/MELEE_TD/4E.png"},
	{"file": "druid/MELEE_TD/4F.png"},
	{"file": "druid/MELEE_TD/4G.png"}
	],

	[
	{"file": "druid/MELEE_TD/5A.png"},
	{"file": "druid/MELEE_TD/5B.png"},
	{"file": "druid/MELEE_TD/5C.png"},
	{"file": "druid/MELEE_TD/5D.png"},
	{"file": "druid/MELEE_TD/5E.png"},
	{"file": "druid/MELEE_TD/5F.png"},
	{"file": "druid/MELEE_TD/5G.png"}
	]
	]
},

{
"name": "DRUID_RANGED",
"rotatable": true,
"fp_offset_x": 47,"fp_offset_y": 71,
"td_offset_x": 50,"td_offset_y": 58,

	"fp":
	[
	[
	{"file": "druid/RANGED_FP/1A.png"},
	{"file": "druid/RANGED_FP/1B.png"},
	{"file": "druid/RANGED_FP/1C.png"},
	{"file": "druid/RANGED_FP/1D.png"},
	{"file": "druid/RANGED_FP/1E.png"},
	{"file": "druid/RANGED_FP/1F.png"},
	{"file": "druid/RANGED_FP/1G.png"}
	],
	[
	{"file": "druid/RANGED_FP/2A.png"},
	{"file": "druid/RANGED_FP/2B.png"},
	{"file": "druid/RANGED_FP/2C.png"},
	{"file": "druid/RANGED_FP/2D.png"},
	{"file": "druid/RANGED_FP/2E.png"},
	{"file": "druid/RANGED_FP/2F.png"},
	{"file": "druid/RANGED_FP/2G.png"}
	],
	[
	{"file": "druid/RANGED_FP/3A.png"},
	{"file": "druid/RANGED_FP/3B.png"},
	{"file": "druid/RANGED_FP/3C.png"},
	{"file": "druid/RANGED_FP/3D.png"},
	{"file": "druid/RANGED_FP/3E.png"},
	{"file": "druid/RANGED_FP/3F.png"},
	{"file": "druid/RANGED_FP/3G.png"}
	],
	[
	{"file": "druid/RANGED_FP/4A.png"},
	{"file": "druid/RANGED_FP/4B.png"},
	{"file": "druid/RANGED_FP/4C.png"},
	{"file": "druid/RANGED_FP/4D.png"},
	{"file": "druid/RANGED_FP/4E.png"},
	{"file": "druid/RANGED_FP/4F.png"},
	{"file": "druid/RANGED_FP/4G.png"}
	],
	[
	{"file": "druid/RANGED_FP/5A.png"},
	{"file": "druid/RANGED_FP/5B.png"},
	{"file": "druid/RANGED_FP/5C.png"},
	{"file": "druid/RANGED_FP/5D.png"},
	{"file": "druid/RANGED_FP/5E.png"},
	{"file": "druid/RANGED_FP/5F.png"},
	{"file": "druid/RANGED_FP/5G.png"}
	]
	],
		"td":
		[
		[
		{"file": "druid/RANGED_TD/1A.png"},
		{"file": "druid/RANGED_TD/1B.png"},
		{"file": "druid/RANGED_TD/1C.png"},
		{"file": "druid/RANGED_TD/1D.png"},
		{"file": "druid/RANGED_TD/1E.png"},
		{"file": "druid/RANGED_TD/1F.png"},
		{"file": "druid/RANGED_TD/1G.png"}
		],

		[
		{"file": "druid/RANGED_TD/2A.png"},
		{"file": "druid/RANGED_TD/2B.png"},
		{"file": "druid/RANGED_TD/2C.png"},
		{"file": "druid/RANGED_TD/2D.png"},
		{"file": "druid/RANGED_TD/2E.png"},
		{"file": "druid/RANGED_TD/2F.png"},
		{"file": "druid/RANGED_TD/2G.png"}
		],
				
		[
		{"file": "druid/RANGED_TD/3A.png"},
		{"file": "druid/RANGED_TD/3B.png"},
		{"file": "druid/RANGED_TD/3C.png"},
		{"file": "druid/RANGED_TD/3D.png"},
		{"file": "druid/RANGED_TD/3E.png"},
		{"file": "druid/RANGED_TD/3F.png"},
		{"file": "druid/RANGED_TD/3G.png"}
		],

		[
		{"file": "druid/RANGED_TD/4A.png"},
		{"file": "druid/RANGED_TD/4B.png"},
		{"file": "druid/RANGED_TD/4C.png"},
		{"file": "druid/RANGED_TD/4D.png"},
		{"file": "druid/RANGED_TD/4E.png"},
		{"file": "druid/RANGED_TD/4F.png"},
		{"file": "druid/RANGED_TD/4G.png"}
		],

		[
		{"file": "druid/RANGED_TD/5A.png"},
		{"file": "druid/RANGED_TD/5B.png"},
		{"file": "druid/RANGED_TD/5C.png"},
		{"file": "druid/RANGED_TD/5D.png"},
		{"file": "druid/RANGED_TD/5E.png"},
		{"file": "druid/RANGED_TD/5F.png"},
		{"file": "druid/RANGED_TD/5G.png"}
		]
		]
},

{
"name": "DRUID_SPELL",
"rotatable": true,
"fp_offset_x": 50,"fp_offset_y": 92,
"td_offset_x": 40,"td_offset_y": 67,

	"fp":
	[
	[
	{"file": "druid/SPELL_FP/1A.png"},
	{"file": "druid/SPELL_FP/1B.png"},
	{"file": "druid/SPELL_FP/1C.png"},
	{"file": "druid/SPELL_FP/1D.png"},
	{"file": "druid/SPELL_FP/1E.png"},
	{"file": "druid/SPELL_FP/1F.png"},
	{"file": "druid/SPELL_FP/1G.png"}
	],
	[
	{"file": "druid/SPELL_FP/2A.png"},
	{"file": "druid/SPELL_FP/2B.png"},
	{"file": "druid/SPELL_FP/2C.png"},
	{"file": "druid/SPELL_FP/2D.png"},
	{"file": "druid/SPELL_FP/2E.png"},
	{"file": "druid/SPELL_FP/2F.png"},
	{"file": "druid/SPELL_FP/2G.png"}
	],
	[
	{"file": "druid/SPELL_FP/3A.png"},
	{"file": "druid/SPELL_FP/3B.png"},
	{"file": "druid/SPELL_FP/3C.png"},
	{"file": "druid/SPELL_FP/3D.png"},
	{"file": "druid/SPELL_FP/3E.png"},
	{"file": "druid/SPELL_FP/3F.png"},
	{"file": "druid/SPELL_FP/3G.png"}
	],
	[
	{"file": "druid/SPELL_FP/4A.png"},
	{"file": "druid/SPELL_FP/4B.png"},
	{"file": "druid/SPELL_FP/4C.png"},
	{"file": "druid/SPELL_FP/4D.png"},
	{"file": "druid/SPELL_FP/4E.png"},
	{"file": "druid/SPELL_FP/4F.png"},
	{"file": "druid/SPELL_FP/4G.png"}
	],
	[
	{"file": "druid/SPELL_FP/5A.png"},
	{"file": "druid/SPELL_FP/5B.png"},
	{"file": "druid/SPELL_FP/5C.png"},
	{"file": "druid/SPELL_FP/5D.png"},
	{"file": "druid/SPELL_FP/5E.png"},
	{"file": "druid/SPELL_FP/5F.png"},
	{"file": "druid/SPELL_FP/5G.png"}
	]
	],
		"td":
		[
		[
		{"file": "druid/SPELL_TD/1A.png"},
		{"file": "druid/SPELL_TD/1B.png"},
		{"file": "druid/SPELL_TD/1C.png"},
		{"file": "druid/SPELL_TD/1D.png"},
		{"file": "druid/SPELL_TD/1E.png"},
		{"file": "druid/SPELL_TD/1F.png"},
		{"file": "druid/SPELL_TD/1G.png"}
		],

		[
		{"file": "druid/SPELL_TD/2A.png"},
		{"file": "druid/SPELL_TD/2B.png"},
		{"file": "druid/SPELL_TD/2C.png"},
		{"file": "druid/SPELL_TD/2D.png"},
		{"file": "druid/SPELL_TD/2E.png"},
		{"file": "druid/SPELL_TD/2F.png"},
		{"file": "druid/SPELL_TD/2G.png"}
		],
				
		[
		{"file": "druid/SPELL_TD/3A.png"},
		{"file": "druid/SPELL_TD/3B.png"},
		{"file": "druid/SPELL_TD/3C.png"},
		{"file": "druid/SPELL_TD/3D.png"},
		{"file": "druid/SPELL_TD/3E.png"},
		{"file": "druid/SPELL_TD/3F.png"},
		{"file": "druid/SPELL_TD/3G.png"}
		],

		[
		{"file": "druid/SPELL_TD/4A.png"},
		{"file": "druid/SPELL_TD/4B.png"},
		{"file": "druid/SPELL_TD/4C.png"},
		{"file": "druid/SPELL_TD/4D.png"},
		{"file": "druid/SPELL_TD/4E.png"},
		{"file": "druid/SPELL_TD/4F.png"},
		{"file": "druid/SPELL_TD/4G.png"}
		],

		[
		{"file": "druid/SPELL_TD/5A.png"},
		{"file": "druid/SPELL_TD/5B.png"},
		{"file": "druid/SPELL_TD/5C.png"},
		{"file": "druid/SPELL_TD/5D.png"},
		{"file": "druid/SPELL_TD/5E.png"},
		{"file": "druid/SPELL_TD/5F.png"},
		{"file": "druid/SPELL_TD/5G.png"}
		]
		]
},
{
"name": "DRUID_GRAB",
"rotatable": false,
"fp_offset_x": 17,"fp_offset_y": 15,
"td_offset_x": 17,"td_offset_y": 15,

	"fp":
	[
	[
	{"file": "druid/GRAB/1A.png"},
	{"file": "druid/GRAB/1A.png"},
	{"file": "druid/GRAB/1A.png"},
	{"file": "druid/GRAB/1B.png"},
	{"file": "druid/GRAB/1B.png"},
	{"file": "druid/GRAB/1B.png"},
	{"file": "druid/GRAB/1C.png"},
	{"file": "druid/GRAB/1C.png"},
	{"file": "druid/GRAB/1C.png"},
	{"file": "druid/GRAB/1D.png"},
	{"file": "druid/GRAB/1D.png"},
	{"file": "druid/GRAB/1D.png"}
	]
	],
		"td":
		[
		[
		{"file": "druid/GRAB/1A.png"},
		{"file": "druid/GRAB/1A.png"},
		{"file": "druid/GRAB/1A.png"},
		{"file": "druid/GRAB/1B.png"},
		{"file": "druid/GRAB/1B.png"},
		{"file": "druid/GRAB/1B.png"},
		{"file": "druid/GRAB/1C.png"},
		{"file": "druid/GRAB/1C.png"},
		{"file": "druid/GRAB/1C.png"},
		{"file": "druid/GRAB/1D.png"},
		{"file": "druid/GRAB/1D.png"},
		{"file": "druid/GRAB/1D.png"}
		]
		]
},
{
"name": "DRUID_CHEER",
"rotatable": false,
"fp_offset_x": 26,"fp_offset_y": 87,
"td_offset_x": 22,"td_offset_y": 69,

	"fp":
	[
	[
	{"file": "druid/CHEER_FP/1A.png"},
	{"file": "druid/CHEER_FP/1B.png"},
	{"file": "druid/CHEER_FP/1C.png"}
	]
	],
		"td":
		[
		[
		{"file": "druid/CHEER_TD/1A.png"},
		{"file": "druid/CHEER_TD/1B.png"},
		{"file": "druid/CHEER_TD/1C.png"}
		]
		]
},

{
"name": "DRUID_SLEEP",
"rotatable": false,
"fp_offset_x": 39,"fp_offset_y": 55,
"td_offset_x": 34,"td_offset_y": 38,
"fp":[[{"file": "druid/SLEEP_FP/1A.png"}]],
"td":[[{"file": "druid/SLEEP_TD/1A.png"}]]
},

{
"name": "DRUID_LAIR",
"rotatable": false,
"fp_offset_x": 39,"fp_offset_y": 36,
"td_offset_x": 34,"td_offset_y": 27,
"fp":[[{"file": "druid/LAIR_FP/1A.png"}]],
"td":[[{"file": "druid/LAIR_TD/1A.png"}]]
},

{
"name": "DRUID_MOAN",
"rotatable": false,
"fp_offset_x": 37,"fp_offset_y": 75,
"td_offset_x": 32,"td_offset_y": 56,

	"fp":
	[
	[
	{"file": "druid/MOAN_FP/1A.png"},
	{"file": "druid/MOAN_FP/1B.png"},
	{"file": "druid/MOAN_FP/1C.png"},
	{"file": "druid/MOAN_FP/1B.png"}
	]
	],
	"td":
	[
	[
	{"file": "druid/MOAN_TD/1A.png"},
	{"file": "druid/MOAN_TD/1B.png"},
	{"file": "druid/MOAN_TD/1C.png"},
	{"file": "druid/MOAN_TD/1B.png"}
	]
	]
},

{
"name": "DRUID_DEAD",
"rotatable": false,
"fp_offset_x": 42,"fp_offset_y": 19,
"td_offset_x": 35,"td_offset_y": 28,
"fp":[[{"file": "druid/DEAD_FP/1A.png"}]],
"td":[[{"file": "druid/DEAD_TD/1A.png"}]]
},

{
"name": "DRUID_EAT",
"rotatable": false,
"fp_offset_x": 22,"fp_offset_y": 88,
"td_offset_x": 20,"td_offset_y": 57,
	
	"fp":
	[
	[
	{"file": "druid/EAT_FP/1A.png"},
	{"file": "druid/EAT_FP/1B.png"},
	{"file": "druid/EAT_FP/1C.png"},
	{"file": "druid/EAT_FP/1D.png"},
	{"file": "druid/EAT_FP/1E.png"},
	{"file": "druid/EAT_FP/1F.png"},
	{"file": "druid/EAT_FP/1G.png"},
	{"file": "druid/EAT_FP/1H.png"},
	{"file": "druid/EAT_FP/1I.png"},
	{"file": "druid/EAT_FP/1J.png"}
	]
	],
	"td":
	[
	[
	{"file": "druid/EAT_TD/1A.png"},
	{"file": "druid/EAT_TD/1B.png"},
	{"file": "druid/EAT_TD/1C.png"},
	{"file": "druid/EAT_TD/1D.png"},
	{"file": "druid/EAT_TD/1E.png"},
	{"file": "druid/EAT_TD/1F.png"},
	{"file": "druid/EAT_TD/1G.png"},
	{"file": "druid/EAT_TD/1H.png"},
	{"file": "druid/EAT_TD/1I.png"},
	{"file": "druid/EAT_TD/1J.png"}
	]
	]
},



{
"name": "BIRD_HIT",
"rotatable": true,
"fp_offset_x": 15,"fp_offset_y": 26,
"td_offset_x": 14,"td_offset_y": 18,

"fp":
[
	[{"file": "bird/HIT_FP/1A.png"}],
	[{"file": "bird/HIT_FP/2A.png"}],
	[{"file": "bird/HIT_FP/3A.png"}],
	[{"file": "bird/HIT_FP/4A.png"}],
	[{"file": "bird/HIT_FP/5A.png"}]
	],
	"td":
	[
	[{"file": "bird/HIT_TD/1A.png"}],
	[{"file": "bird/HIT_TD/2A.png"}],
	[{"file": "bird/HIT_TD/3A.png"}],
	[{"file": "bird/HIT_TD/4A.png"}],
	[{"file": "bird/HIT_TD/5A.png"}]
	]
},

{
"name": "BIRD_WALK",
"rotatable": true,
"fp_offset_x": 34,"fp_offset_y": 50,
"td_offset_x": 31,"td_offset_y": 38,

	"fp":
	[
	[
	{"file": "bird/WALK_FP/1A.png"},
	{"file": "bird/WALK_FP/1B.png"},
	{"file": "bird/WALK_FP/1C.png"},
	{"file": "bird/WALK_FP/1D.png"},
	{"file": "bird/WALK_FP/1E.png"},
	{"file": "bird/WALK_FP/1F.png"}
	],
	[
	{"file": "bird/WALK_FP/2A.png"},
	{"file": "bird/WALK_FP/2B.png"},
	{"file": "bird/WALK_FP/2C.png"},
	{"file": "bird/WALK_FP/2D.png"},
	{"file": "bird/WALK_FP/2E.png"},
	{"file": "bird/WALK_FP/2F.png"}
	],
	[
	{"file": "bird/WALK_FP/3A.png"},
	{"file": "bird/WALK_FP/3B.png"},
	{"file": "bird/WALK_FP/3C.png"},
	{"file": "bird/WALK_FP/3D.png"},
	{"file": "bird/WALK_FP/3E.png"},
	{"file": "bird/WALK_FP/3F.png"}
	],
	[
	{"file": "bird/WALK_FP/4A.png"},
	{"file": "bird/WALK_FP/4B.png"},
	{"file": "bird/WALK_FP/4C.png"},
	{"file": "bird/WALK_FP/4D.png"},
	{"file": "bird/WALK_FP/4E.png"},
	{"file": "bird/WALK_FP/4F.png"}
	],
	[
	{"file": "bird/WALK_FP/5A.png"},
	{"file": "bird/WALK_FP/5B.png"},
	{"file": "bird/WALK_FP/5C.png"},
	{"file": "bird/WALK_FP/5D.png"},
	{"file": "bird/WALK_FP/5E.png"},
	{"file": "bird/WALK_FP/5F.png"}
	]
	],

	"td":
	[
	[
	{"file": "bird/WALK_TD/1A.png"},
	{"file": "bird/WALK_TD/1B.png"},
	{"file": "bird/WALK_TD/1C.png"},
	{"file": "bird/WALK_TD/1D.png"},
	{"file": "bird/WALK_TD/1E.png"},
	{"file": "bird/WALK_TD/1F.png"}
	],
	[
	{"file": "bird/WALK_TD/2A.png"},
	{"file": "bird/WALK_TD/2B.png"},
	{"file": "bird/WALK_TD/2C.png"},
	{"file": "bird/WALK_TD/2D.png"},
	{"file": "bird/WALK_TD/2E.png"},
	{"file": "bird/WALK_TD/2F.png"}
	],
	[
	{"file": "bird/WALK_TD/3A.png"},
	{"file": "bird/WALK_TD/3B.png"},
	{"file": "bird/WALK_TD/3C.png"},
	{"file": "bird/WALK_TD/3D.png"},
	{"file": "bird/WALK_TD/3E.png"},
	{"file": "bird/WALK_TD/3F.png"}
	],
	[
	{"file": "bird/WALK_TD/4A.png"},
	{"file": "bird/WALK_TD/4B.png"},
	{"file": "bird/WALK_TD/4C.png"},
	{"file": "bird/WALK_TD/4D.png"},
	{"file": "bird/WALK_TD/4E.png"},
	{"file": "bird/WALK_TD/4F.png"}
	],
	[
	{"file": "bird/WALK_TD/5A.png"},
	{"file": "bird/WALK_TD/5B.png"},
	{"file": "bird/WALK_TD/5C.png"},
	{"file": "bird/WALK_TD/5D.png"},
	{"file": "bird/WALK_TD/5E.png"},
	{"file": "bird/WALK_TD/5F.png"}
	]
		
	]
},
		
{
"name": "BIRD_ATTACK",
"rotatable": true,
"fp_offset_x": 30,"fp_offset_y": 26,
"td_offset_x": 23,"td_offset_y": 33,

	"fp":
	[
	[
	{"file": "bird/MELEE_FP/1A.png"},
	{"file": "bird/MELEE_FP/1B.png"},
	{"file": "bird/MELEE_FP/1C.png"},
	{"file": "bird/MELEE_FP/1D.png"},
	{"file": "bird/MELEE_FP/1E.png"},
	{"file": "bird/MELEE_FP/1F.png"},
	{"file": "bird/MELEE_FP/1G.png"}
	],
	[
	{"file": "bird/MELEE_FP/2A.png"},
	{"file": "bird/MELEE_FP/2B.png"},
	{"file": "bird/MELEE_FP/2C.png"},
	{"file": "bird/MELEE_FP/2D.png"},
	{"file": "bird/MELEE_FP/2E.png"},
	{"file": "bird/MELEE_FP/2F.png"},
	{"file": "bird/MELEE_FP/2G.png"}
	],
	[
	{"file": "bird/MELEE_FP/3A.png"},
	{"file": "bird/MELEE_FP/3B.png"},
	{"file": "bird/MELEE_FP/3C.png"},
	{"file": "bird/MELEE_FP/3D.png"},
	{"file": "bird/MELEE_FP/3E.png"},
	{"file": "bird/MELEE_FP/3F.png"},
	{"file": "bird/MELEE_FP/3G.png"}
	],
	[
	{"file": "bird/MELEE_FP/4A.png"},
	{"file": "bird/MELEE_FP/4B.png"},
	{"file": "bird/MELEE_FP/4C.png"},
	{"file": "bird/MELEE_FP/4D.png"},
	{"file": "bird/MELEE_FP/4E.png"},
	{"file": "bird/MELEE_FP/4F.png"},
	{"file": "bird/MELEE_FP/4G.png"}
	],
	[
	{"file": "bird/MELEE_FP/5A.png"},
	{"file": "bird/MELEE_FP/5B.png"},
	{"file": "bird/MELEE_FP/5C.png"},
	{"file": "bird/MELEE_FP/5D.png"},
	{"file": "bird/MELEE_FP/5E.png"},
	{"file": "bird/MELEE_FP/5F.png"},
	{"file": "bird/MELEE_FP/5G.png"}
	]
	],
	"td":
	[
	[
	{"file": "bird/MELEE_TD/1A.png"},
	{"file": "bird/MELEE_TD/1B.png"},
	{"file": "bird/MELEE_TD/1C.png"},
	{"file": "bird/MELEE_TD/1D.png"},
	{"file": "bird/MELEE_TD/1E.png"},
	{"file": "bird/MELEE_TD/1F.png"},
	{"file": "bird/MELEE_TD/1G.png"}
	],

	[
	{"file": "bird/MELEE_TD/2A.png"},
	{"file": "bird/MELEE_TD/2B.png"},
	{"file": "bird/MELEE_TD/2C.png"},
	{"file": "bird/MELEE_TD/2D.png"},
	{"file": "bird/MELEE_TD/2E.png"},
	{"file": "bird/MELEE_TD/2F.png"},
	{"file": "bird/MELEE_TD/2G.png"}
	],
				
	[
	{"file": "bird/MELEE_TD/3A.png"},
	{"file": "bird/MELEE_TD/3B.png"},
	{"file": "bird/MELEE_TD/3C.png"},
	{"file": "bird/MELEE_TD/3D.png"},
	{"file": "bird/MELEE_TD/3E.png"},
	{"file": "bird/MELEE_TD/3F.png"},
	{"file": "bird/MELEE_TD/3G.png"}
	],

	[
	{"file": "bird/MELEE_TD/4A.png"},
	{"file": "bird/MELEE_TD/4B.png"},
	{"file": "bird/MELEE_TD/4C.png"},
	{"file": "bird/MELEE_TD/4D.png"},
	{"file": "bird/MELEE_TD/4E.png"},
	{"file": "bird/MELEE_TD/4F.png"},
	{"file": "bird/MELEE_TD/4G.png"}
	],

	[
	{"file": "bird/MELEE_TD/5A.png"},
	{"file": "bird/MELEE_TD/5B.png"},
	{"file": "bird/MELEE_TD/5C.png"},
	{"file": "bird/MELEE_TD/5D.png"},
	{"file": "bird/MELEE_TD/5E.png"},
	{"file": "bird/MELEE_TD/5F.png"},
	{"file": "bird/MELEE_TD/5G.png"}
	]
	]
},

{
"name": "BIRD_GRAB",
"rotatable": false,
"fp_offset_x": 14,"fp_offset_y": 4,
"td_offset_x": 14,"td_offset_y": 4,

	"fp":
	[
	[
	{"file": "bird/GRAB/1A.png"},
	{"file": "bird/GRAB/1A.png"},
	{"file": "bird/GRAB/1A.png"},
	{"file": "bird/GRAB/1B.png"},
	{"file": "bird/GRAB/1B.png"},
	{"file": "bird/GRAB/1B.png"},
	{"file": "bird/GRAB/1C.png"},
	{"file": "bird/GRAB/1C.png"},
	{"file": "bird/GRAB/1C.png"},
	{"file": "bird/GRAB/1D.png"},
	{"file": "bird/GRAB/1D.png"},
	{"file": "bird/GRAB/1D.png"}
	]
	],
	"td":
	[
	[
	{"file": "bird/GRAB/1A.png"},
	{"file": "bird/GRAB/1A.png"},
	{"file": "bird/GRAB/1A.png"},
	{"file": "bird/GRAB/1B.png"},
	{"file": "bird/GRAB/1B.png"},
	{"file": "bird/GRAB/1B.png"},
	{"file": "bird/GRAB/1C.png"},
	{"file": "bird/GRAB/1C.png"},
	{"file": "bird/GRAB/1C.png"},
	{"file": "bird/GRAB/1D.png"},
	{"file": "bird/GRAB/1D.png"},
	{"file": "bird/GRAB/1D.png"}
	]
	]
},

	{
		"name": "BIRD_CHEER",
		"rotatable": false,
		"fp_offset_x": 31,"fp_offset_y": 28,
		"td_offset_x": 29,"td_offset_y": 34,

		"fp": [
			[
				{ "file": "bird/CHEER_FP/1A.png" },
				{ "file": "bird/CHEER_FP/1B.png" },
				{ "file": "bird/CHEER_FP/1C.png" }
			]
		],
		"td": [
			[
				{ "file": "bird/CHEER_TD/1A.png" },
				{ "file": "bird/CHEER_TD/1B.png" },
				{ "file": "bird/CHEER_TD/1C.png" }
			]
		]
	},

{
"name": "BIRD_SLEEP",
"rotatable": false,
"fp_offset_x": 23,"fp_offset_y": 25,
"td_offset_x": 21,"td_offset_y": 15,
"fp":[[{"file": "bird/SLEEP_FP/1A.png"}]],
"td":[[{"file": "bird/SLEEP_TD/1A.png"}]]
},

{
"name": "BIRD_LAIR",
"rotatable": false,
"fp_offset_x": 23,"fp_offset_y": 14,
"td_offset_x": 21,"td_offset_y": 15,
"fp":[[{"file": "bird/LAIR_FP/1A.png"}]],
"td":[[{"file": "bird/LAIR_TD/1A.png"}]]
},

{
"name": "BIRD_MOAN",
"rotatable": false,
"fp_offset_x": 31,"fp_offset_y": 28,
"td_offset_x": 29,"td_offset_y": 34,

	"fp":
	[
	[
	{"file": "bird/MOAN_FP/1A.png"},
	{"file": "bird/MOAN_FP/1B.png"},
	{"file": "bird/MOAN_FP/1C.png"}
	]
	],
	"td":
	[
	[
	{"file": "bird/MOAN_TD/1A.png"},
	{"file": "bird/MOAN_TD/1B.png"},
	{"file": "bird/MOAN_TD/1C.png"}
	]
	]
},
{
"name": "BIRD_DEAD",
"rotatable": false,
"fp_offset_x": 26,"fp_offset_y": 6,
"td_offset_x": 18,"td_offset_y": 12,
"fp":[[{"file": "bird/DEAD_FP/1A.png"}]],
"td":[[{"file": "bird/DEAD_TD/1A.png"}]]
},

{
	"name": "BIRD_EAT",
	"rotatable": false,
	"fp_offset_x": 63,"fp_offset_y": 85,
	"td_offset_x": 50,"td_offset_y": 69,
	
		"fp":
		[
		[
		{"file": "bird/EAT_FP/1A.png"},
		{"file": "bird/EAT_FP/1B.png"},
		{"file": "bird/EAT_FP/1C.png"},
		{"file": "bird/EAT_FP/1D.png"},
		{"file": "bird/EAT_FP/1E.png"},
		{"file": "bird/EAT_FP/1F.png"},
		{"file": "bird/EAT_FP/1G.png"},
		{"file": "bird/EAT_FP/1H.png"},
		{"file": "bird/EAT_FP/1I.png"},
		{"file": "bird/EAT_FP/1J.png"}
		]
		],
		"td":
		[
		[
		{"file": "bird/EAT_TD/1A.png"},
		{"file": "bird/EAT_TD/1B.png"},
		{"file": "bird/EAT_TD/1C.png"},
		{"file": "bird/EAT_TD/1D.png"},
		{"file": "bird/EAT_TD/1E.png"},
		{"file": "bird/EAT_TD/1F.png"},
		{"file": "bird/EAT_TD/1G.png"},
		{"file": "bird/EAT_TD/1H.png"},
		{"file": "bird/EAT_TD/1I.png"},
		{"file": "bird/EAT_TD/1J.png"}
		]
		]
}
]