[
	{
		"name": "DRUID_TORTURE",
		"rotatable": false,
		"fp_offset_x": 63,
		"fp_offset_y": 101,
		"td_offset_x": 53,
		"td_offset_y": 76,
		"fp": [
			[
				{
					"file": "druid/torture_fp/r1frame01.png"
				},
				{
					"file": "druid/torture_fp/r1frame02.png"
				},
				{
					"file": "druid/torture_fp/r1frame03.png"
				},
				{
					"file": "druid/torture_fp/r1frame04.png"
				},
				{
					"file": "druid/torture_fp/r1frame05.png"
				},
				{
					"file": "druid/torture_fp/r1frame06.png"
				},
				{
					"file": "druid/torture_fp/r1frame07.png"
				},
				{
					"file": "druid/torture_fp/r1frame08.png"
				}
			]
		],
		"td": [
			[
				{
					"file": "druid/torture_td/r1frame01.png"
				},
				{
					"file": "druid/torture_td/r1frame02.png"
				},
				{
					"file": "druid/torture_td/r1frame03.png"
				},
				{
					"file": "druid/torture_td/r1frame04.png"
				},
				{
					"file": "druid/torture_td/r1frame05.png"
				},
				{
					"file": "druid/torture_td/r1frame06.png"
				},
				{
					"file": "druid/torture_td/r1frame07.png"
				},
				{
					"file": "druid/torture_td/r1frame08.png"
				}
			]
		]
	},
	{
		"name": "DRUID_WALK",
		"rotatable": true,
		"fp_offset_x": 30,
		"fp_offset_y": 70,
		"td_offset_x": 23,
		"td_offset_y": 49,
		"fp": [
			[
				{
					"file": "druid/walk_fp/r1frame01.png"
				},
				{
					"file": "druid/walk_fp/r1frame02.png"
				},
				{
					"file": "druid/walk_fp/r1frame03.png"
				},
				{
					"file": "druid/walk_fp/r1frame04.png"
				},
				{
					"file": "druid/walk_fp/r1frame05.png"
				},
				{
					"file": "druid/walk_fp/r1frame06.png"
				}
			],
			[
				{
					"file": "druid/walk_fp/r2frame01.png"
				},
				{
					"file": "druid/walk_fp/r2frame02.png"
				},
				{
					"file": "druid/walk_fp/r2frame03.png"
				},
				{
					"file": "druid/walk_fp/r2frame04.png"
				},
				{
					"file": "druid/walk_fp/r2frame05.png"
				},
				{
					"file": "druid/walk_fp/r2frame06.png"
				}
			],
			[
				{
					"file": "druid/walk_fp/r3frame01.png"
				},
				{
					"file": "druid/walk_fp/r3frame02.png"
				},
				{
					"file": "druid/walk_fp/r3frame03.png"
				},
				{
					"file": "druid/walk_fp/r3frame04.png"
				},
				{
					"file": "druid/walk_fp/r3frame05.png"
				},
				{
					"file": "druid/walk_fp/r3frame06.png"
				}
			],
			[
				{
					"file": "druid/walk_fp/r4frame01.png"
				},
				{
					"file": "druid/walk_fp/r4frame02.png"
				},
				{
					"file": "druid/walk_fp/r4frame03.png"
				},
				{
					"file": "druid/walk_fp/r4frame04.png"
				},
				{
					"file": "druid/walk_fp/r4frame05.png"
				},
				{
					"file": "druid/walk_fp/r4frame06.png"
				}
			],
			[
				{
					"file": "druid/walk_fp/r5frame01.png"
				},
				{
					"file": "druid/walk_fp/r5frame02.png"
				},
				{
					"file": "druid/walk_fp/r5frame03.png"
				},
				{
					"file": "druid/walk_fp/r5frame04.png"
				},
				{
					"file": "druid/walk_fp/r5frame05.png"
				},
				{
					"file": "druid/walk_fp/r5frame06.png"
				}
			]
		],
		"td": [
			[
				{
					"file": "druid/walk_td/r1frame01.png"
				},
				{
					"file": "druid/walk_td/r1frame02.png"
				},
				{
					"file": "druid/walk_td/r1frame03.png"
				},
				{
					"file": "druid/walk_td/r1frame04.png"
				},
				{
					"file": "druid/walk_td/r1frame05.png"
				},
				{
					"file": "druid/walk_td/r1frame06.png"
				}
			],
			[
				{
					"file": "druid/walk_td/r2frame01.png"
				},
				{
					"file": "druid/walk_td/r2frame02.png"
				},
				{
					"file": "druid/walk_td/r2frame03.png"
				},
				{
					"file": "druid/walk_td/r2frame04.png"
				},
				{
					"file": "druid/walk_td/r2frame05.png"
				},
				{
					"file": "druid/walk_td/r2frame06.png"
				}
			],
			[
				{
					"file": "druid/walk_td/r3frame01.png"
				},
				{
					"file": "druid/walk_td/r3frame02.png"
				},
				{
					"file": "druid/walk_td/r3frame03.png"
				},
				{
					"file": "druid/walk_td/r3frame04.png"
				},
				{
					"file": "druid/walk_td/r3frame05.png"
				},
				{
					"file": "druid/walk_td/r3frame06.png"
				}
			],
			[
				{
					"file": "druid/walk_td/r4frame01.png"
				},
				{
					"file": "druid/walk_td/r4frame02.png"
				},
				{
					"file": "druid/walk_td/r4frame03.png"
				},
				{
					"file": "druid/walk_td/r4frame04.png"
				},
				{
					"file": "druid/walk_td/r4frame05.png"
				},
				{
					"file": "druid/walk_td/r4frame06.png"
				}
			],
			[
				{
					"file": "druid/walk_td/r5frame01.png"
				},
				{
					"file": "druid/walk_td/r5frame02.png"
				},
				{
					"file": "druid/walk_td/r5frame03.png"
				},
				{
					"file": "druid/walk_td/r5frame04.png"
				},
				{
					"file": "druid/walk_td/r5frame05.png"
				},
				{
					"file": "druid/walk_td/r5frame06.png"
				}
			]
		]
	},
	{
		"name": "DRUID_STAND",
		"rotatable": true,
		"fp_offset_x": 29,
		"fp_offset_y": 69,
		"td_offset_x": 23,
		"td_offset_y": 49,
		"fp": [
			[
				{
					"file": "druid/stand_fp/r1frame01.png"
				}
			],
			[
				{
					"file": "druid/stand_fp/r2frame01.png"
				}
			],
			[
				{
					"file": "druid/stand_fp/r3frame01.png"
				}
			],
			[
				{
					"file": "druid/stand_fp/r4frame01.png"
				}
			],
			[
				{
					"file": "druid/stand_fp/r5frame01.png"
				}
			]
		],
		"td": [
			[
				{
					"file": "druid/stand_td/r1frame01.png"
				}
			],
			[
				{
					"file": "druid/stand_td/r2frame01.png"
				}
			],
			[
				{
					"file": "druid/stand_td/r3frame01.png"
				}
			],
			[
				{
					"file": "druid/stand_td/r4frame01.png"
				}
			],
			[
				{
					"file": "druid/stand_td/r5frame01.png"
				}
			]
		]
	},
	{
		"name": "DRUID_ATTACK",
		"rotatable": true,
		"fp_offset_x": 41,
		"fp_offset_y": 69,
		"td_offset_x": 32,
		"td_offset_y": 50,
		"fp": [
			[
				{
					"file": "druid/attack_fp/r1frame01.png"
				},
				{
					"file": "druid/attack_fp/r1frame02.png"
				},
				{
					"file": "druid/attack_fp/r1frame03.png"
				},
				{
					"file": "druid/attack_fp/r1frame04.png"
				},
				{
					"file": "druid/attack_fp/r1frame05.png"
				}
			],
			[
				{
					"file": "druid/attack_fp/r2frame01.png"
				},
				{
					"file": "druid/attack_fp/r2frame02.png"
				},
				{
					"file": "druid/attack_fp/r2frame03.png"
				},
				{
					"file": "druid/attack_fp/r2frame04.png"
				},
				{
					"file": "druid/attack_fp/r2frame05.png"
				}
			],
			[
				{
					"file": "druid/attack_fp/r3frame01.png"
				},
				{
					"file": "druid/attack_fp/r3frame02.png"
				},
				{
					"file": "druid/attack_fp/r3frame03.png"
				},
				{
					"file": "druid/attack_fp/r3frame04.png"
				},
				{
					"file": "druid/attack_fp/r3frame05.png"
				}
			],
			[
				{
					"file": "druid/attack_fp/r4frame01.png"
				},
				{
					"file": "druid/attack_fp/r4frame02.png"
				},
				{
					"file": "druid/attack_fp/r4frame03.png"
				},
				{
					"file": "druid/attack_fp/r4frame04.png"
				},
				{
					"file": "druid/attack_fp/r4frame05.png"
				}
			],
			[
				{
					"file": "druid/attack_fp/r5frame01.png"
				},
				{
					"file": "druid/attack_fp/r5frame02.png"
				},
				{
					"file": "druid/attack_fp/r5frame03.png"
				},
				{
					"file": "druid/attack_fp/r5frame04.png"
				},
				{
					"file": "druid/attack_fp/r5frame05.png"
				}
			]
		],
		"td": [
			[
				{
					"file": "druid/attack_td/r1frame01.png"
				},
				{
					"file": "druid/attack_td/r1frame02.png"
				},
				{
					"file": "druid/attack_td/r1frame03.png"
				},
				{
					"file": "druid/attack_td/r1frame04.png"
				},
				{
					"file": "druid/attack_td/r1frame05.png"
				}
			],
			[
				{
					"file": "druid/attack_td/r2frame01.png"
				},
				{
					"file": "druid/attack_td/r2frame02.png"
				},
				{
					"file": "druid/attack_td/r2frame03.png"
				},
				{
					"file": "druid/attack_td/r2frame04.png"
				},
				{
					"file": "druid/attack_td/r2frame05.png"
				}
			],
			[
				{
					"file": "druid/attack_td/r3frame01.png"
				},
				{
					"file": "druid/attack_td/r3frame02.png"
				},
				{
					"file": "druid/attack_td/r3frame03.png"
				},
				{
					"file": "druid/attack_td/r3frame04.png"
				},
				{
					"file": "druid/attack_td/r3frame05.png"
				}
			],
			[
				{
					"file": "druid/attack_td/r4frame01.png"
				},
				{
					"file": "druid/attack_td/r4frame02.png"
				},
				{
					"file": "druid/attack_td/r4frame03.png"
				},
				{
					"file": "druid/attack_td/r4frame04.png"
				},
				{
					"file": "druid/attack_td/r4frame05.png"
				}
			],
			[
				{
					"file": "druid/attack_td/r5frame01.png"
				},
				{
					"file": "druid/attack_td/r5frame02.png"
				},
				{
					"file": "druid/attack_td/r5frame03.png"
				},
				{
					"file": "druid/attack_td/r5frame04.png"
				},
				{
					"file": "druid/attack_td/r5frame05.png"
				}
			]
		]
	},
	{
		"name": "DRUID_HIT",
		"rotatable": true,
		"fp_offset_x": 32,
		"fp_offset_y": 69,
		"td_offset_x": 25,
		"td_offset_y": 49,
		"fp": [
			[
				{
					"file": "druid/hit_fp/r1frame01.png"
				}
			],
			[
				{
					"file": "druid/hit_fp/r2frame01.png"
				}
			],
			[
				{
					"file": "druid/hit_fp/r3frame01.png"
				}
			],
			[
				{
					"file": "druid/hit_fp/r4frame01.png"
				}
			],
			[
				{
					"file": "druid/hit_fp/r5frame01.png"
				}
			]
		],
		"td": [
			[
				{
					"file": "druid/hit_td/r1frame01.png"
				}
			],
			[
				{
					"file": "druid/hit_td/r2frame01.png"
				}
			],
			[
				{
					"file": "druid/hit_td/r3frame01.png"
				}
			],
			[
				{
					"file": "druid/hit_td/r4frame01.png"
				}
			],
			[
				{
					"file": "druid/hit_td/r5frame01.png"
				}
			]
		]
	},
	{
		"name": "DRUID_COMPLAIN",
		"rotatable": false,
		"fp_offset_x": 26,
		"fp_offset_y": 59,
		"td_offset_x": 21,
		"td_offset_y": 44,
		"fp": [
			[
				{
					"file": "druid/complain_fp/r1frame01.png"
				},
				{
					"file": "druid/complain_fp/r1frame02.png"
				},
				{
					"file": "druid/complain_fp/r1frame03.png"
				},
				{
					"file": "druid/complain_fp/r1frame04.png"
				}
			]
		],
		"td": [
			[
				{
					"file": "druid/complain_td/r1frame01.png"
				},
				{
					"file": "druid/complain_td/r1frame02.png"
				},
				{
					"file": "druid/complain_td/r1frame03.png"
				},
				{
					"file": "druid/complain_td/r1frame04.png"
				}
			]
		]
	},
	{
		"name": "DRUID_DYING",
		"rotatable": false,
		"fp_offset_x": 54,
		"fp_offset_y": 51,
		"td_offset_x": 39,
		"td_offset_y": 33,
		"fp": [
			[
				{
					"file": "druid/dying_fp/r1frame01.png"
				},
				{
					"file": "druid/dying_fp/r1frame02.png"
				}
			]
		],
		"td": [
			[
				{
					"file": "druid/dying_td/r1frame01.png"
				},
				{
					"file": "druid/dying_td/r1frame02.png"
				}
			]
		]
	},
	{
		"name": "DRUID_PICKEDUP",
		"rotatable": false,
		"fp_offset_x": 27,
		"fp_offset_y": 69,
		"td_offset_x": 21,
		"td_offset_y": 40,
		"fp": [
			[
				{
					"file": "druid/pickedup_fp/r1frame01.png"
				},
				{
					"file": "druid/pickedup_fp/r1frame02.png"
				},
				{
					"file": "druid/pickedup_fp/r1frame03.png"
				},
				{
					"file": "druid/pickedup_fp/r1frame04.png"
				},
				{
					"file": "druid/pickedup_fp/r1frame05.png"
				},
				{
					"file": "druid/pickedup_fp/r1frame06.png"
				}
			]
		],
		"td": [
			[
				{
					"file": "druid/pickedup_td/r1frame01.png"
				},
				{
					"file": "druid/pickedup_td/r1frame02.png"
				},
				{
					"file": "druid/pickedup_td/r1frame03.png"
				},
				{
					"file": "druid/pickedup_td/r1frame04.png"
				},
				{
					"file": "druid/pickedup_td/r1frame05.png"
				},
				{
					"file": "druid/pickedup_td/r1frame06.png"
				}
			]
		]
	},
	{
		"name": "DRUID_CELEBRATE",
		"rotatable": false,
		"fp_offset_x": 44,
		"fp_offset_y": 73,
		"td_offset_x": 38,
		"td_offset_y": 46,
		"fp": [
			[
				{
					"file": "druid/celebrate_fp/r1frame01.png"
				},
				{
					"file": "druid/celebrate_fp/r1frame02.png"
				},
				{
					"file": "druid/celebrate_fp/r1frame03.png"
				},
				{
					"file": "druid/celebrate_fp/r1frame04.png"
				}
			]
		],
		"td": [
			[
				{
					"file": "druid/celebrate_td/r1frame01.png"
				},
				{
					"file": "druid/celebrate_td/r1frame02.png"
				},
				{
					"file": "druid/celebrate_td/r1frame03.png"
				},
				{
					"file": "druid/celebrate_td/r1frame04.png"
				}
			]
		]
	},
	{
		"name": "DRUID_LAIRSLEEP",
		"rotatable": false,
		"fp_offset_x": 16,
		"fp_offset_y": 72,
		"td_offset_x": 12,
		"td_offset_y": 40,
		"fp": [
			[
				{
					"file": "druid/lairsleep_fp/r1frame01.png"
				},
				{
					"file": "druid/lairsleep_fp/r1frame02.png"
				},
				{
					"file": "druid/lairsleep_fp/r1frame03.png"
				},
				{
					"file": "druid/lairsleep_fp/r1frame04.png"
				},
				{
					"file": "druid/lairsleep_fp/r1frame05.png"
				},
				{
					"file": "druid/lairsleep_fp/r1frame06.png"
				},
				{
					"file": "druid/lairsleep_fp/r1frame07.png"
				},
				{
					"file": "druid/lairsleep_fp/r1frame08.png"
				}
			]
		],
		"td": [
			[
				{
					"file": "druid/lairsleep_td/r1frame01.png"
				},
				{
					"file": "druid/lairsleep_td/r1frame02.png"
				},
				{
					"file": "druid/lairsleep_td/r1frame03.png"
				},
				{
					"file": "druid/lairsleep_td/r1frame04.png"
				},
				{
					"file": "druid/lairsleep_td/r1frame05.png"
				},
				{
					"file": "druid/lairsleep_td/r1frame06.png"
				},
				{
					"file": "druid/lairsleep_td/r1frame07.png"
				},
				{
					"file": "druid/lairsleep_td/r1frame08.png"
				}
			]
		]
	},
	{
		"name": "DRUID_SLAPPED",
		"rotatable": true,
		"fp_offset_x": 29,
		"fp_offset_y": 54,
		"td_offset_x": 23,
		"td_offset_y": 44,
		"fp": [
			[
				{
					"file": "druid/slapped_fp/r1frame01.png"
				}
			],
			[
				{
					"file": "druid/slapped_fp/r2frame01.png"
				}
			],
			[
				{
					"file": "druid/slapped_fp/r3frame01.png"
				}
			],
			[
				{
					"file": "druid/slapped_fp/r4frame01.png"
				}
			],
			[
				{
					"file": "druid/slapped_fp/r5frame01.png"
				}
			]
		],
		"td": [
			[
				{
					"file": "druid/slapped_td/r1frame01.png"
				}
			],
			[
				{
					"file": "druid/slapped_td/r2frame01.png"
				}
			],
			[
				{
					"file": "druid/slapped_td/r3frame01.png"
				}
			],
			[
				{
					"file": "druid/slapped_td/r4frame01.png"
				}
			],
			[
				{
					"file": "druid/slapped_td/r5frame01.png"
				}
			]
		]
	},
	{
		"name": "DRUID_EATCHICKEN",
		"rotatable": false,
		"fp_offset_x": 44,
		"fp_offset_y": 71,
		"td_offset_x": 33,
		"td_offset_y": 41,
		"fp": [
			[
				{
					"file": "druid/eatchicken_fp/r1frame01.png"
				},
				{
					"file": "druid/eatchicken_fp/r1frame02.png"
				},
				{
					"file": "druid/eatchicken_fp/r1frame03.png"
				},
				{
					"file": "druid/eatchicken_fp/r1frame04.png"
				},
				{
					"file": "druid/eatchicken_fp/r1frame05.png"
				},
				{
					"file": "druid/eatchicken_fp/r1frame06.png"
				},
				{
					"file": "druid/eatchicken_fp/r1frame07.png"
				},
				{
					"file": "druid/eatchicken_fp/r1frame08.png"
				}
			]
		],
		"td": [
			[
				{
					"file": "druid/eatchicken_td/r1frame01.png"
				},
				{
					"file": "druid/eatchicken_td/r1frame02.png"
				},
				{
					"file": "druid/eatchicken_td/r1frame03.png"
				},
				{
					"file": "druid/eatchicken_td/r1frame04.png"
				},
				{
					"file": "druid/eatchicken_td/r1frame05.png"
				},
				{
					"file": "druid/eatchicken_td/r1frame06.png"
				},
				{
					"file": "druid/eatchicken_td/r1frame07.png"
				},
				{
					"file": "druid/eatchicken_td/r1frame08.png"
				}
			]
		]
	},
	{
		"name": "DRUID_LAIR",
		"rotatable": false,
		"fp_offset_x": 45,
		"fp_offset_y": 40,
		"td_offset_x": 32,
		"td_offset_y": 31,
		"fp": [
			[
				{
					"file": "druid/lair/lair_fp.png"
				}
			]
		],
		"td": [
			[
				{
					"file": "druid/lair/lair_td.png"
				}
			]
		]
	}
]