[
  {
    "name": "MAIDEN_PORTRAIT",
    "file": [ "maiden/icons/maiden_portrait.png" ]
  },
  {
    "name": "MAIDEN_ICON",
    "file": [ "maiden/icons/maiden_icon.png", "maiden/icons/maiden_icon_small.png" ]
  },
  {
    "name": "SPIDERLING_PORTRAIT",
    "file": [ "spiderling/icons/spiderling_portrait.png" ]
  },
  {
    "name": "SPIDERLING_ICON",
    "file": [ "spiderling/icons/spiderling_icon.png", "spiderling/icons/spiderling_icon_small.png" ]
  },
  {
    "name": "SPIDERLING_SPELL",
    "file": [ "spiderling/icons/spiderling_spell_std.png", "spiderling/icons/spiderling_spell_dis.png" ]
  }
]