[
	{
		"name": "MAIDEN_STAND",
		"rotatable": true,
		"fp_offset_x": 60,
		"fp_offset_y": 82,
		"td_offset_x": 54,
		"td_offset_y": 61,

		"fp": [
			[ { "file": "maiden/STAND_FP/1A.png" } ],
			[ { "file": "maiden/STAND_FP/2A.png" } ],
			[ { "file": "maiden/STAND_FP/3A.png" } ],
			[ { "file": "maiden/STAND_FP/4A.png" } ],
			[ { "file": "maiden/STAND_FP/5A.png" } ]
		],
		"td": [
			[ { "file": "maiden/STAND_TD/1A.png" } ],
			[ { "file": "maiden/STAND_TD/2A.png" } ],
			[ { "file": "maiden/STAND_TD/3A.png" } ],
			[ { "file": "maiden/STAND_TD/4A.png" } ],
			[ { "file": "maiden/STAND_TD/5A.png" } ]
		]
	},

	{
		"name": "MAIDEN_HIT",
		"rotatable": true,
		"fp_offset_x": 56,
		"fp_offset_y": 81,
		"td_offset_x": 49,
		"td_offset_y": 54,

		"fp": [
			[ { "file": "maiden/HIT_FP/1A.png" } ],
			[ { "file": "maiden/HIT_FP/2A.png" } ],
			[ { "file": "maiden/HIT_FP/3A.png" } ],
			[ { "file": "maiden/HIT_FP/4A.png" } ],
			[ { "file": "maiden/HIT_FP/5A.png" } ]
		],
		"td": [
			[ { "file": "maiden/HIT_TD/1A.png" } ],
			[ { "file": "maiden/HIT_TD/2A.png" } ],
			[ { "file": "maiden/HIT_TD/3A.png" } ],
			[ { "file": "maiden/HIT_TD/4A.png" } ],
			[ { "file": "maiden/HIT_TD/5A.png" } ]
		]
	},


	{
		"name": "MAIDEN_WALK",
		"rotatable": true,
		"fp_offset_x": 61,
		"fp_offset_y": 85,
		"td_offset_x": 63,
		"td_offset_y": 68,

		"fp": [
			[
				{ "file": "maiden/WALK_FP/1A.png" },
				{ "file": "maiden/WALK_FP/1B.png" },
				{ "file": "maiden/WALK_FP/1C.png" },
				{ "file": "maiden/WALK_FP/1D.png" },
				{ "file": "maiden/WALK_FP/1E.png" },
				{ "file": "maiden/WALK_FP/1F.png" }
			],
			[
				{ "file": "maiden/WALK_FP/2A.png" },
				{ "file": "maiden/WALK_FP/2B.png" },
				{ "file": "maiden/WALK_FP/2C.png" },
				{ "file": "maiden/WALK_FP/2D.png" },
				{ "file": "maiden/WALK_FP/2E.png" },
				{ "file": "maiden/WALK_FP/2F.png" }
			],
			[
				{ "file": "maiden/WALK_FP/3A.png" },
				{ "file": "maiden/WALK_FP/3B.png" },
				{ "file": "maiden/WALK_FP/3C.png" },
				{ "file": "maiden/WALK_FP/3D.png" },
				{ "file": "maiden/WALK_FP/3E.png" },
				{ "file": "maiden/WALK_FP/3F.png" }
			],
			[
				{ "file": "maiden/WALK_FP/4A.png" },
				{ "file": "maiden/WALK_FP/4B.png" },
				{ "file": "maiden/WALK_FP/4C.png" },
				{ "file": "maiden/WALK_FP/4D.png" },
				{ "file": "maiden/WALK_FP/4E.png" },
				{ "file": "maiden/WALK_FP/4F.png" }
			],
			[
				{ "file": "maiden/WALK_FP/5A.png" },
				{ "file": "maiden/WALK_FP/5B.png" },
				{ "file": "maiden/WALK_FP/5C.png" },
				{ "file": "maiden/WALK_FP/5D.png" },
				{ "file": "maiden/WALK_FP/5E.png" },
				{ "file": "maiden/WALK_FP/5F.png" }
			]
		],

		"td": [
			[
				{ "file": "maiden/WALK_TD/1A.png" },
				{ "file": "maiden/WALK_TD/1B.png" },
				{ "file": "maiden/WALK_TD/1C.png" },
				{ "file": "maiden/WALK_TD/1D.png" },
				{ "file": "maiden/WALK_TD/1E.png" },
				{ "file": "maiden/WALK_TD/1F.png" }
			],
			[
				{ "file": "maiden/WALK_TD/2A.png" },
				{ "file": "maiden/WALK_TD/2B.png" },
				{ "file": "maiden/WALK_TD/2C.png" },
				{ "file": "maiden/WALK_TD/2D.png" },
				{ "file": "maiden/WALK_TD/2E.png" },
				{ "file": "maiden/WALK_TD/2F.png" }
			],
			[
				{ "file": "maiden/WALK_TD/3A.png" },
				{ "file": "maiden/WALK_TD/3B.png" },
				{ "file": "maiden/WALK_TD/3C.png" },
				{ "file": "maiden/WALK_TD/3D.png" },
				{ "file": "maiden/WALK_TD/3E.png" },
				{ "file": "maiden/WALK_TD/3F.png" }
			],
			[
				{ "file": "maiden/WALK_TD/4A.png" },
				{ "file": "maiden/WALK_TD/4B.png" },
				{ "file": "maiden/WALK_TD/4C.png" },
				{ "file": "maiden/WALK_TD/4D.png" },
				{ "file": "maiden/WALK_TD/4E.png" },
				{ "file": "maiden/WALK_TD/4F.png" }
			],
			[
				{ "file": "maiden/WALK_TD/5A.png" },
				{ "file": "maiden/WALK_TD/5B.png" },
				{ "file": "maiden/WALK_TD/5C.png" },
				{ "file": "maiden/WALK_TD/5D.png" },
				{ "file": "maiden/WALK_TD/5E.png" },
				{ "file": "maiden/WALK_TD/5F.png" }
			]

		]
	},

	{
		"name": "MAIDEN_ATTACK",
		"rotatable": true,
		"fp_offset_x": 73,
		"fp_offset_y": 101,
		"td_offset_x": 72,
		"td_offset_y": 75,

		"fp": [
			[
				{ "file": "maiden/MELEE_FP/1A.png" },
				{ "file": "maiden/MELEE_FP/1B.png" },
				{ "file": "maiden/MELEE_FP/1C.png" },
				{ "file": "maiden/MELEE_FP/1D.png" },
				{ "file": "maiden/MELEE_FP/1E.png" },
				{ "file": "maiden/MELEE_FP/1F.png" }
			],
			[
				{ "file": "maiden/MELEE_FP/2A.png" },
				{ "file": "maiden/MELEE_FP/2B.png" },
				{ "file": "maiden/MELEE_FP/2C.png" },
				{ "file": "maiden/MELEE_FP/2D.png" },
				{ "file": "maiden/MELEE_FP/2E.png" },
				{ "file": "maiden/MELEE_FP/2F.png" }
			],
			[
				{ "file": "maiden/MELEE_FP/3A.png" },
				{ "file": "maiden/MELEE_FP/3B.png" },
				{ "file": "maiden/MELEE_FP/3C.png" },
				{ "file": "maiden/MELEE_FP/3D.png" },
				{ "file": "maiden/MELEE_FP/3E.png" },
				{ "file": "maiden/MELEE_FP/3F.png" }
			],
			[
				{ "file": "maiden/MELEE_FP/4A.png" },
				{ "file": "maiden/MELEE_FP/4B.png" },
				{ "file": "maiden/MELEE_FP/4C.png" },
				{ "file": "maiden/MELEE_FP/4D.png" },
				{ "file": "maiden/MELEE_FP/4E.png" },
				{ "file": "maiden/MELEE_FP/4F.png" }
			],
			[
				{ "file": "maiden/MELEE_FP/5A.png" },
				{ "file": "maiden/MELEE_FP/5B.png" },
				{ "file": "maiden/MELEE_FP/5C.png" },
				{ "file": "maiden/MELEE_FP/5D.png" },
				{ "file": "maiden/MELEE_FP/5E.png" },
				{ "file": "maiden/MELEE_FP/5F.png" }
			]
		],
		"td": [
			[
				{ "file": "maiden/MELEE_TD/1A.png" },
				{ "file": "maiden/MELEE_TD/1B.png" },
				{ "file": "maiden/MELEE_TD/1C.png" },
				{ "file": "maiden/MELEE_TD/1D.png" },
				{ "file": "maiden/MELEE_TD/1E.png" },
				{ "file": "maiden/MELEE_TD/1F.png" }
			],

			[
				{ "file": "maiden/MELEE_TD/2A.png" },
				{ "file": "maiden/MELEE_TD/2B.png" },
				{ "file": "maiden/MELEE_TD/2C.png" },
				{ "file": "maiden/MELEE_TD/2D.png" },
				{ "file": "maiden/MELEE_TD/2E.png" },
				{ "file": "maiden/MELEE_TD/2F.png" }
			],

			[
				{ "file": "maiden/MELEE_TD/3A.png" },
				{ "file": "maiden/MELEE_TD/3B.png" },
				{ "file": "maiden/MELEE_TD/3C.png" },
				{ "file": "maiden/MELEE_TD/3D.png" },
				{ "file": "maiden/MELEE_TD/3E.png" },
				{ "file": "maiden/MELEE_TD/3F.png" }
			],

			[
				{ "file": "maiden/MELEE_TD/4A.png" },
				{ "file": "maiden/MELEE_TD/4B.png" },
				{ "file": "maiden/MELEE_TD/4C.png" },
				{ "file": "maiden/MELEE_TD/4D.png" },
				{ "file": "maiden/MELEE_TD/4E.png" },
				{ "file": "maiden/MELEE_TD/4F.png" }
			],

			[
				{ "file": "maiden/MELEE_TD/5A.png" },
				{ "file": "maiden/MELEE_TD/5B.png" },
				{ "file": "maiden/MELEE_TD/5C.png" },
				{ "file": "maiden/MELEE_TD/5D.png" },
				{ "file": "maiden/MELEE_TD/5E.png" },
				{ "file": "maiden/MELEE_TD/5F.png" }
			]
		]
	},

	{
		"name": "MAIDEN_SPELL",
		"rotatable": true,
		"fp_offset_x": 78,
		"fp_offset_y": 87,
		"td_offset_x": 65,
		"td_offset_y": 68,

		"fp": [
			[
				{ "file": "maiden/SPELL_FP/1A.png" },
				{ "file": "maiden/SPELL_FP/1B.png" },
				{ "file": "maiden/SPELL_FP/1C.png" },
				{ "file": "maiden/SPELL_FP/1D.png" },
				{ "file": "maiden/SPELL_FP/1E.png" },
				{ "file": "maiden/SPELL_FP/1F.png" }
			],
			[
				{ "file": "maiden/SPELL_FP/2A.png" },
				{ "file": "maiden/SPELL_FP/2B.png" },
				{ "file": "maiden/SPELL_FP/2C.png" },
				{ "file": "maiden/SPELL_FP/2D.png" },
				{ "file": "maiden/SPELL_FP/2E.png" },
				{ "file": "maiden/SPELL_FP/2F.png" }
			],
			[
				{ "file": "maiden/SPELL_FP/3A.png" },
				{ "file": "maiden/SPELL_FP/3B.png" },
				{ "file": "maiden/SPELL_FP/3C.png" },
				{ "file": "maiden/SPELL_FP/3D.png" },
				{ "file": "maiden/SPELL_FP/3E.png" },
				{ "file": "maiden/SPELL_FP/3F.png" }
			],
			[
				{ "file": "maiden/SPELL_FP/4A.png" },
				{ "file": "maiden/SPELL_FP/4B.png" },
				{ "file": "maiden/SPELL_FP/4C.png" },
				{ "file": "maiden/SPELL_FP/4D.png" },
				{ "file": "maiden/SPELL_FP/4E.png" },
				{ "file": "maiden/SPELL_FP/4F.png" }
			],
			[
				{ "file": "maiden/SPELL_FP/5A.png" },
				{ "file": "maiden/SPELL_FP/5B.png" },
				{ "file": "maiden/SPELL_FP/5C.png" },
				{ "file": "maiden/SPELL_FP/5D.png" },
				{ "file": "maiden/SPELL_FP/5E.png" },
				{ "file": "maiden/SPELL_FP/5F.png" }
			]
		],
		"td": [
			[
				{ "file": "maiden/SPELL_TD/1A.png" },
				{ "file": "maiden/SPELL_TD/1B.png" },
				{ "file": "maiden/SPELL_TD/1C.png" },
				{ "file": "maiden/SPELL_TD/1D.png" },
				{ "file": "maiden/SPELL_TD/1E.png" },
				{ "file": "maiden/SPELL_TD/1F.png" }
			],

			[
				{ "file": "maiden/SPELL_TD/2A.png" },
				{ "file": "maiden/SPELL_TD/2B.png" },
				{ "file": "maiden/SPELL_TD/2C.png" },
				{ "file": "maiden/SPELL_TD/2D.png" },
				{ "file": "maiden/SPELL_TD/2E.png" },
				{ "file": "maiden/SPELL_TD/2F.png" }
			],

			[
				{ "file": "maiden/SPELL_TD/3A.png" },
				{ "file": "maiden/SPELL_TD/3B.png" },
				{ "file": "maiden/SPELL_TD/3C.png" },
				{ "file": "maiden/SPELL_TD/3D.png" },
				{ "file": "maiden/SPELL_TD/3E.png" },
				{ "file": "maiden/SPELL_TD/3F.png" }
			],

			[
				{ "file": "maiden/SPELL_TD/4A.png" },
				{ "file": "maiden/SPELL_TD/4B.png" },
				{ "file": "maiden/SPELL_TD/4C.png" },
				{ "file": "maiden/SPELL_TD/4D.png" },
				{ "file": "maiden/SPELL_TD/4E.png" },
				{ "file": "maiden/SPELL_TD/4F.png" }
			],

			[
				{ "file": "maiden/SPELL_TD/5A.png" },
				{ "file": "maiden/SPELL_TD/5B.png" },
				{ "file": "maiden/SPELL_TD/5C.png" },
				{ "file": "maiden/SPELL_TD/5D.png" },
				{ "file": "maiden/SPELL_TD/5E.png" },
				{ "file": "maiden/SPELL_TD/5F.png" }
			]
		]
	},

	{
		"name": "MAIDEN_GRAB",
		"rotatable": false,
		"fp_offset_x": 52,
		"fp_offset_y": 30,
		"td_offset_x": 52,
		"td_offset_y": 30,

		"fp": [
			[
				{ "file": "maiden/GRAB/1A.png" },
				{ "file": "maiden/GRAB/1A.png" },
				{ "file": "maiden/GRAB/1B.png" },
				{ "file": "maiden/GRAB/1B.png" },
				{ "file": "maiden/GRAB/1C.png" },
				{ "file": "maiden/GRAB/1C.png" },
				{ "file": "maiden/GRAB/1D.png" },
				{ "file": "maiden/GRAB/1D.png" }
			]
		],
		"td": [
			[
				{ "file": "maiden/GRAB/1A.png" },
				{ "file": "maiden/GRAB/1A.png" },
				{ "file": "maiden/GRAB/1B.png" },
				{ "file": "maiden/GRAB/1B.png" },
				{ "file": "maiden/GRAB/1C.png" },
				{ "file": "maiden/GRAB/1C.png" },
				{ "file": "maiden/GRAB/1D.png" },
				{ "file": "maiden/GRAB/1D.png" }
			]
		]
	},

	{
		"name": "MAIDEN_CHEER",
		"rotatable": false,
		"fp_offset_x": 64,
		"fp_offset_y": 99,
		"td_offset_x": 61,
		"td_offset_y": 69,

		"fp": [
			[
				{ "file": "maiden/CHEER_FP/1A.png" },
				{ "file": "maiden/CHEER_FP/1B.png" },
				{ "file": "maiden/CHEER_FP/1C.png" }
			]
		],
		"td": [
			[
				{ "file": "maiden/CHEER_TD/1A.png" },
				{ "file": "maiden/CHEER_TD/1B.png" },
				{ "file": "maiden/CHEER_TD/1C.png" }
			]
		]
	},
	{
		"name": "MAIDEN_LAIR",
		"rotatable": false,
		"fp_offset_x": 48,
		"fp_offset_y": 64,
		"td_offset_x": 46,
		"td_offset_y": 49,
		"fp": [ [ { "file": "maiden/LAIR_FP/1A.png" } ] ],
		"td": [ [ { "file": "maiden/LAIR_TD/1A.png" } ] ]
	},


	{
		"name": "MAIDEN_SLEEP",
		"rotatable": false,
		"fp_offset_x": 58,
		"fp_offset_y": 59,
		"td_offset_x": 52,
		"td_offset_y": 55,
		"fp": [ [ { "file": "maiden/SLEEP_FP/1A.png" } ] ],
		"td": [ [ { "file": "maiden/SLEEP_TD/1A.png" } ] ]
	},
	{
		"name": "MAIDEN_MOAN",
		"rotatable": false,
		"fp_offset_x": 48,
		"fp_offset_y": 62,
		"td_offset_x": 45,
		"td_offset_y": 51,

		"fp": [
			[
				{ "file": "maiden/MOAN_FP/1A.png" },
				{ "file": "maiden/MOAN_FP/1B.png" },
				{ "file": "maiden/MOAN_FP/1C.png" },
				{ "file": "maiden/MOAN_FP/1B.png" }
			]
		],
		"td": [
			[
				{ "file": "maiden/MOAN_TD/1A.png" },
				{ "file": "maiden/MOAN_TD/1B.png" },
				{ "file": "maiden/MOAN_TD/1C.png" },
				{ "file": "maiden/MOAN_TD/1B.png" }
			]
		]
	},
	{
		"name": "MAIDEN_EAT",
		"rotatable": false,
		"fp_offset_x": 55,
		"fp_offset_y": 80,
		"td_offset_x": 59,
		"td_offset_y": 56,

		"fp": [
			[
				{ "file": "maiden/EAT_FP/1A.png" },
				{ "file": "maiden/EAT_FP/1B.png" },
				{ "file": "maiden/EAT_FP/1C.png" },
				{ "file": "maiden/EAT_FP/1D.png" },
				{ "file": "maiden/EAT_FP/1E.png" },
				{ "file": "maiden/EAT_FP/1F.png" },
				{ "file": "maiden/EAT_FP/1G.png" },
				{ "file": "maiden/EAT_FP/1H.png" }
			]
		],
		"td": [
			[
				{ "file": "maiden/EAT_TD/1A.png" },
				{ "file": "maiden/EAT_TD/1B.png" },
				{ "file": "maiden/EAT_TD/1C.png" },
				{ "file": "maiden/EAT_TD/1D.png" },
				{ "file": "maiden/EAT_TD/1E.png" },
				{ "file": "maiden/EAT_TD/1F.png" },
				{ "file": "maiden/EAT_TD/1G.png" },
				{ "file": "maiden/EAT_TD/1H.png" }
			]
		]
	},
	{
		"name": "MAIDEN_DEAD",
      "rotatable": false,
      "fp_offset_x": 38,
      "fp_offset_y": 25,
      "td_offset_x": 32,
      "td_offset_y": 35,

		"fp": [
			[
				{ "file": "maiden/DEAD_FP/1A.png" }
			]
		],
		"td": [
			[
				{ "file": "maiden/DEAD_TD/1A.png" }
			]
		]
	},
	{
		"name": "SPIDERLING_STAND",
		"rotatable": true,
		"fp_offset_x": 33,
		"fp_offset_y": 39,
		"td_offset_x": 33,
		"td_offset_y": 35,
		"fp": [
			[ { "file": "spiderling/STAND_FP/1A.png" } ],
			[ { "file": "spiderling/STAND_FP/2A.png" } ],
			[ { "file": "spiderling/STAND_FP/3A.png" } ],
			[ { "file": "spiderling/STAND_FP/4A.png" } ],
			[ { "file": "spiderling/STAND_FP/5A.png" } ]
		],
		"td": [
			[ { "file": "spiderling/STAND_TD/1A.png" } ],
			[ { "file": "spiderling/STAND_TD/2A.png" } ],
			[ { "file": "spiderling/STAND_TD/3A.png" } ],
			[ { "file": "spiderling/STAND_TD/4A.png" } ],
			[ { "file": "spiderling/STAND_TD/5A.png" } ]
		]
	},
	{
		"name": "SPIDERLING_EAT",
		"rotatable": false,
		"fp_offset_x": 38,
		"fp_offset_y": 38,
		"td_offset_x": 37,
		"td_offset_y": 34,
		"fp": [
			[
				{ "file": "spiderling/EAT_FP/1A.png" },
				{ "file": "spiderling/EAT_FP/1B.png" },
				{ "file": "spiderling/EAT_FP/1C.png" },
				{ "file": "spiderling/EAT_FP/1D.png" },
				{ "file": "spiderling/EAT_FP/1E.png" },
				{ "file": "spiderling/EAT_FP/1F.png" },
				{ "file": "spiderling/EAT_FP/1G.png" }
			]
		],
		"td": [
			[
				{ "file": "spiderling/EAT_TD/1A.png" },
				{ "file": "spiderling/EAT_TD/1B.png" },
				{ "file": "spiderling/EAT_TD/1C.png" },
				{ "file": "spiderling/EAT_TD/1D.png" },
				{ "file": "spiderling/EAT_TD/1E.png" },
				{ "file": "spiderling/EAT_TD/1F.png" },
				{ "file": "spiderling/EAT_TD/1G.png" }
			]
		]
	},
	{
		"name": "SPIDERLING_HIT",
		"rotatable": true,
		"fp_offset_x": 33,
		"fp_offset_y": 40,
		"td_offset_x": 34,
		"td_offset_y": 36,
		"fp": [
			[ { "file": "spiderling/HIT_FP/1A.png" } ],
			[ { "file": "spiderling/HIT_FP/2A.png" } ],
			[ { "file": "spiderling/HIT_FP/3A.png" } ],
			[ { "file": "spiderling/HIT_FP/4A.png" } ],
			[ { "file": "spiderling/HIT_FP/5A.png" } ]
		],
		"td": [
			[ { "file": "spiderling/HIT_TD/1A.png" } ],
			[ { "file": "spiderling/HIT_TD/2A.png" } ],
			[ { "file": "spiderling/HIT_TD/3A.png" } ],
			[ { "file": "spiderling/HIT_TD/4A.png" } ],
			[ { "file": "spiderling/HIT_TD/5A.png" } ]
		]
	},
	{
		"name": "SPIDERLING_WALK",
		"rotatable": true,
		"fp_offset_x": 40,
		"fp_offset_y": 40,
		"td_offset_x": 37,
		"td_offset_y": 46,
		"fp": [
			[
				{ "file": "spiderling/WALK_FP/1A.png" },
				{ "file": "spiderling/WALK_FP/1B.png" },
				{ "file": "spiderling/WALK_FP/1C.png" },
				{ "file": "spiderling/WALK_FP/1D.png" },
				{ "file": "spiderling/WALK_FP/1E.png" },
				{ "file": "spiderling/WALK_FP/1F.png" }
			],
			[
				{ "file": "spiderling/WALK_FP/2A.png" },
				{ "file": "spiderling/WALK_FP/2B.png" },
				{ "file": "spiderling/WALK_FP/2C.png" },
				{ "file": "spiderling/WALK_FP/2D.png" },
				{ "file": "spiderling/WALK_FP/2E.png" },
				{ "file": "spiderling/WALK_FP/2F.png" }
			],
			[
				{ "file": "spiderling/WALK_FP/3A.png" },
				{ "file": "spiderling/WALK_FP/3B.png" },
				{ "file": "spiderling/WALK_FP/3C.png" },
				{ "file": "spiderling/WALK_FP/3D.png" },
				{ "file": "spiderling/WALK_FP/3E.png" },
				{ "file": "spiderling/WALK_FP/3F.png" }
			],
			[
				{ "file": "spiderling/WALK_FP/4A.png" },
				{ "file": "spiderling/WALK_FP/4B.png" },
				{ "file": "spiderling/WALK_FP/4C.png" },
				{ "file": "spiderling/WALK_FP/4D.png" },
				{ "file": "spiderling/WALK_FP/4E.png" },
				{ "file": "spiderling/WALK_FP/4F.png" }
			],
			[
				{ "file": "spiderling/WALK_FP/5A.png" },
				{ "file": "spiderling/WALK_FP/5B.png" },
				{ "file": "spiderling/WALK_FP/5C.png" },
				{ "file": "spiderling/WALK_FP/5D.png" },
				{ "file": "spiderling/WALK_FP/5E.png" },
				{ "file": "spiderling/WALK_FP/5F.png" }
			]
		],
		"td": [
			[
				{ "file": "spiderling/WALK_TD/1A.png" },
				{ "file": "spiderling/WALK_TD/1B.png" },
				{ "file": "spiderling/WALK_TD/1C.png" },
				{ "file": "spiderling/WALK_TD/1D.png" },
				{ "file": "spiderling/WALK_TD/1E.png" },
				{ "file": "spiderling/WALK_TD/1F.png" }
			],
			[
				{ "file": "spiderling/WALK_TD/2A.png" },
				{ "file": "spiderling/WALK_TD/2B.png" },
				{ "file": "spiderling/WALK_TD/2C.png" },
				{ "file": "spiderling/WALK_TD/2D.png" },
				{ "file": "spiderling/WALK_TD/2E.png" },
				{ "file": "spiderling/WALK_TD/2F.png" }
			],
			[
				{ "file": "spiderling/WALK_TD/3A.png" },
				{ "file": "spiderling/WALK_TD/3B.png" },
				{ "file": "spiderling/WALK_TD/3C.png" },
				{ "file": "spiderling/WALK_TD/3D.png" },
				{ "file": "spiderling/WALK_TD/3E.png" },
				{ "file": "spiderling/WALK_TD/3F.png" }
			],
			[
				{ "file": "spiderling/WALK_TD/4A.png" },
				{ "file": "spiderling/WALK_TD/4B.png" },
				{ "file": "spiderling/WALK_TD/4C.png" },
				{ "file": "spiderling/WALK_TD/4D.png" },
				{ "file": "spiderling/WALK_TD/4E.png" },
				{ "file": "spiderling/WALK_TD/4F.png" }
			],
			[
				{ "file": "spiderling/WALK_TD/5A.png" },
				{ "file": "spiderling/WALK_TD/5B.png" },
				{ "file": "spiderling/WALK_TD/5C.png" },
				{ "file": "spiderling/WALK_TD/5D.png" },
				{ "file": "spiderling/WALK_TD/5E.png" },
				{ "file": "spiderling/WALK_TD/5F.png" }
			]

		]
	},
	{
		"name": "SPIDERLING_ATTACK",
		"rotatable": true,
		"fp_offset_x": 35,
		"fp_offset_y": 35,
		"td_offset_x": 42,
		"td_offset_y": 46,
		"fp": [
			[
				{ "file": "spiderling/MELEE_FP/1A.png" },
				{ "file": "spiderling/MELEE_FP/1B.png" },
				{ "file": "spiderling/MELEE_FP/1C.png" },
				{ "file": "spiderling/MELEE_FP/1D.png" },
				{ "file": "spiderling/MELEE_FP/1E.png" },
				{ "file": "spiderling/MELEE_FP/1F.png" }
			],
			[
				{ "file": "spiderling/MELEE_FP/2A.png" },
				{ "file": "spiderling/MELEE_FP/2B.png" },
				{ "file": "spiderling/MELEE_FP/2C.png" },
				{ "file": "spiderling/MELEE_FP/2D.png" },
				{ "file": "spiderling/MELEE_FP/2E.png" },
				{ "file": "spiderling/MELEE_FP/2F.png" }
			],
			[
				{ "file": "spiderling/MELEE_FP/3A.png" },
				{ "file": "spiderling/MELEE_FP/3B.png" },
				{ "file": "spiderling/MELEE_FP/3C.png" },
				{ "file": "spiderling/MELEE_FP/3D.png" },
				{ "file": "spiderling/MELEE_FP/3E.png" },
				{ "file": "spiderling/MELEE_FP/3F.png" }
			],
			[
				{ "file": "spiderling/MELEE_FP/4A.png" },
				{ "file": "spiderling/MELEE_FP/4B.png" },
				{ "file": "spiderling/MELEE_FP/4C.png" },
				{ "file": "spiderling/MELEE_FP/4D.png" },
				{ "file": "spiderling/MELEE_FP/4E.png" },
				{ "file": "spiderling/MELEE_FP/4F.png" }
			],
			[
				{ "file": "spiderling/MELEE_FP/5A.png" },
				{ "file": "spiderling/MELEE_FP/5B.png" },
				{ "file": "spiderling/MELEE_FP/5C.png" },
				{ "file": "spiderling/MELEE_FP/5D.png" },
				{ "file": "spiderling/MELEE_FP/5E.png" },
				{ "file": "spiderling/MELEE_FP/5F.png" }
			]
		],
		"td": [
			[
				{ "file": "spiderling/MELEE_TD/1A.png" },
				{ "file": "spiderling/MELEE_TD/1B.png" },
				{ "file": "spiderling/MELEE_TD/1C.png" },
				{ "file": "spiderling/MELEE_TD/1D.png" },
				{ "file": "spiderling/MELEE_TD/1E.png" },
				{ "file": "spiderling/MELEE_TD/1F.png" }
			],
			[
				{ "file": "spiderling/MELEE_TD/2A.png" },
				{ "file": "spiderling/MELEE_TD/2B.png" },
				{ "file": "spiderling/MELEE_TD/2C.png" },
				{ "file": "spiderling/MELEE_TD/2D.png" },
				{ "file": "spiderling/MELEE_TD/2E.png" },
				{ "file": "spiderling/MELEE_TD/2F.png" }
			],

			[
				{ "file": "spiderling/MELEE_TD/3A.png" },
				{ "file": "spiderling/MELEE_TD/3B.png" },
				{ "file": "spiderling/MELEE_TD/3C.png" },
				{ "file": "spiderling/MELEE_TD/3D.png" },
				{ "file": "spiderling/MELEE_TD/3E.png" },
				{ "file": "spiderling/MELEE_TD/3F.png" }
			],
			[
				{ "file": "spiderling/MELEE_TD/4A.png" },
				{ "file": "spiderling/MELEE_TD/4B.png" },
				{ "file": "spiderling/MELEE_TD/4C.png" },
				{ "file": "spiderling/MELEE_TD/4D.png" },
				{ "file": "spiderling/MELEE_TD/4E.png" },
				{ "file": "spiderling/MELEE_TD/4F.png" }
			],
			[
				{ "file": "spiderling/MELEE_TD/5A.png" },
				{ "file": "spiderling/MELEE_TD/5B.png" },
				{ "file": "spiderling/MELEE_TD/5C.png" },
				{ "file": "spiderling/MELEE_TD/5D.png" },
				{ "file": "spiderling/MELEE_TD/5E.png" },
				{ "file": "spiderling/MELEE_TD/5F.png" }
			]
		]
	},
	{
		"name": "SPIDERLING_GRAB",
		"rotatable": false,
		"fp_offset_x": 28,
		"fp_offset_y": 12,
		"td_offset_x": 28,
		"td_offset_y": 12,
		"fp": [
			[
				{ "file": "spiderling/GRAB/1A.png" },
				{ "file": "spiderling/GRAB/1A.png" },
				{ "file": "spiderling/GRAB/1B.png" },
				{ "file": "spiderling/GRAB/1B.png" },
				{ "file": "spiderling/GRAB/1C.png" },
				{ "file": "spiderling/GRAB/1C.png" },
				{ "file": "spiderling/GRAB/1D.png" },
				{ "file": "spiderling/GRAB/1D.png" }
			]
		],
		"td": [
			[
				{ "file": "spiderling/GRAB/1A.png" },
				{ "file": "spiderling/GRAB/1A.png" },
				{ "file": "spiderling/GRAB/1B.png" },
				{ "file": "spiderling/GRAB/1B.png" },
				{ "file": "spiderling/GRAB/1C.png" },
				{ "file": "spiderling/GRAB/1C.png" },
				{ "file": "spiderling/GRAB/1D.png" },
				{ "file": "spiderling/GRAB/1D.png" }
			]
		]
	},
	{
		"name": "SPIDERLING_CHEER",
		"rotatable": false,
		"fp_offset_x": 39,
		"fp_offset_y": 39,
		"td_offset_x": 42,
		"td_offset_y": 38,
		"fp": [
			[
				{ "file": "spiderling/CHEER_FP/1A.png" },
				{ "file": "spiderling/CHEER_FP/1B.png" },
				{ "file": "spiderling/CHEER_FP/1C.png" }
			]
		],
		"td": [
			[
				{ "file": "spiderling/CHEER_TD/1A.png" },
				{ "file": "spiderling/CHEER_TD/1B.png" },
				{ "file": "spiderling/CHEER_TD/1C.png" }
			]
		]
	},
	{
		"name": "SPIDERLING_LAIR",
		"rotatable": false,
		"fp_offset_x": 31,
		"fp_offset_y": 22,
		"td_offset_x": 33,
		"td_offset_y": 29,
		"fp": [ [ { "file": "spiderling/LAIR_FP/1A.png" } ] ],
		"td": [ [ { "file": "spiderling/LAIR_TD/1A.png" } ] ]
	},
	{
		"name": "SPIDERLING_SLEEP",
		"rotatable": false,
		"fp_offset_x": 34,
		"fp_offset_y": 33,
		"td_offset_x": 32,
		"td_offset_y": 32,
		"fp": [ [ { "file": "spiderling/SLEEP_FP/1A.png" } ] ],
		"td": [ [ { "file": "spiderling/SLEEP_TD/1A.png" } ] ]
	},
	{
		"name": "SPIDERLING_MOAN",
		"rotatable": false,
		"fp_offset_x": 37,
		"fp_offset_y": 38,
		"td_offset_x": 38,
		"td_offset_y": 35,
		"fp": [
			[
				{ "file": "spiderling/MOAN_FP/1A.png" },
				{ "file": "spiderling/MOAN_FP/1B.png" },
				{ "file": "spiderling/MOAN_FP/1C.png" },
				{ "file": "spiderling/MOAN_FP/1B.png" }
			]
		],
		"td": [
			[
				{ "file": "spiderling/MOAN_TD/1A.png" },
				{ "file": "spiderling/MOAN_TD/1B.png" },
				{ "file": "spiderling/MOAN_TD/1C.png" },
				{ "file": "spiderling/MOAN_TD/1B.png" }
			]
		]
	},
	{
		"name": "SPIDERLING_DEAD",
		"rotatable": false,
		"fp_offset_x": 27,
		"fp_offset_y": 31,
		"td_offset_x": 27,
		"td_offset_y": 25,
		"fp": [
			[
				{ "file": "spiderling/DEAD_FP/1A.png" }
			]
		],
		"td": [
			[
				{ "file": "spiderling/DEAD_TD/1A.png" }
			]
		]
	}
]