[
    {
        "name": "CLAIMPUFF_BLACK",
        "rotatable": false,
        "fp_offset_x": 38,
        "fp_offset_y": 141,
        "td_offset_x": 28,
        "td_offset_y": 141,
        "fp": [
            [
                {
                    "file": "claimpuff_black/r1frame01.png"
                },
                {
                    "file": "claimpuff_black/r1frame02.png"
                },
                {
                    "file": "claimpuff_black/r1frame03.png"
                },
                {
                    "file": "claimpuff_black/r1frame04.png"
                },
                {
                    "file": "claimpuff_black/r1frame05.png"
                },
                {
                    "file": "claimpuff_black/r1frame06.png"
                },
                {
                    "file": "claimpuff_black/r1frame07.png"
                },
                {
                    "file": "claimpuff_black/r1frame08.png"
                },
                {
                    "file": "claimpuff_black/r1frame09.png"
                },
                {
                    "file": "claimpuff_black/r1frame10.png"
                },
                {
                    "file": "claimpuff_black/r1frame11.png"
                },
                {
                    "file": "claimpuff_black/r1frame12.png"
                },
                {
                    "file": "claimpuff_black/r1frame13.png"
                },
                {
                    "file": "claimpuff_black/r1frame14.png"
                },
                {
                    "file": "claimpuff_black/r1frame15.png"
                },
                {
                    "file": "claimpuff_black/r1frame16.png"
                },
                {
                    "file": "claimpuff_black/r1frame17.png"
                },
                {
                    "file": "claimpuff_black/r1frame18.png"
                },
                {
                    "file": "claimpuff_black/r1frame19.png"
                },
                {
                    "file": "claimpuff_black/r1frame20.png"
                },
                {
                    "file": "claimpuff_black/r1frame21.png"
                }
            ]
        ],
        "td": [
            [
                {
                    "file": "claimpuff_black/r1frame01.png"
                },
                {
                    "file": "claimpuff_black/r1frame02.png"
                },
                {
                    "file": "claimpuff_black/r1frame03.png"
                },
                {
                    "file": "claimpuff_black/r1frame04.png"
                },
                {
                    "file": "claimpuff_black/r1frame05.png"
                },
                {
                    "file": "claimpuff_black/r1frame06.png"
                },
                {
                    "file": "claimpuff_black/r1frame07.png"
                },
                {
                    "file": "claimpuff_black/r1frame08.png"
                },
                {
                    "file": "claimpuff_black/r1frame09.png"
                },
                {
                    "file": "claimpuff_black/r1frame10.png"
                },
                {
                    "file": "claimpuff_black/r1frame11.png"
                },
                {
                    "file": "claimpuff_black/r1frame12.png"
                },
                {
                    "file": "claimpuff_black/r1frame13.png"
                },
                {
                    "file": "claimpuff_black/r1frame14.png"
                },
                {
                    "file": "claimpuff_black/r1frame15.png"
                },
                {
                    "file": "claimpuff_black/r1frame16.png"
                },
                {
                    "file": "claimpuff_black/r1frame17.png"
                },
                {
                    "file": "claimpuff_black/r1frame18.png"
                },
                {
                    "file": "claimpuff_black/r1frame19.png"
                },
                {
                    "file": "claimpuff_black/r1frame20.png"
                },
                {
                    "file": "claimpuff_black/r1frame21.png"
                }
            ]
        ]
    },
    {
        "name": "CLAIMPUFF_ORANGE",
        "rotatable": false,
        "fp_offset_x": 38,
        "fp_offset_y": 141,
        "td_offset_x": 28,
        "td_offset_y": 141,
        "fp": [
            [
                {
                    "file": "claimpuff_orange/r1frame01.png"
                },
                {
                    "file": "claimpuff_orange/r1frame02.png"
                },
                {
                    "file": "claimpuff_orange/r1frame03.png"
                },
                {
                    "file": "claimpuff_orange/r1frame04.png"
                },
                {
                    "file": "claimpuff_orange/r1frame05.png"
                },
                {
                    "file": "claimpuff_orange/r1frame06.png"
                },
                {
                    "file": "claimpuff_orange/r1frame07.png"
                },
                {
                    "file": "claimpuff_orange/r1frame08.png"
                },
                {
                    "file": "claimpuff_orange/r1frame09.png"
                },
                {
                    "file": "claimpuff_orange/r1frame10.png"
                },
                {
                    "file": "claimpuff_orange/r1frame11.png"
                },
                {
                    "file": "claimpuff_orange/r1frame12.png"
                },
                {
                    "file": "claimpuff_orange/r1frame13.png"
                },
                {
                    "file": "claimpuff_orange/r1frame14.png"
                },
                {
                    "file": "claimpuff_orange/r1frame15.png"
                },
                {
                    "file": "claimpuff_orange/r1frame16.png"
                },
                {
                    "file": "claimpuff_orange/r1frame17.png"
                },
                {
                    "file": "claimpuff_orange/r1frame18.png"
                },
                {
                    "file": "claimpuff_orange/r1frame19.png"
                },
                {
                    "file": "claimpuff_orange/r1frame20.png"
                },
                {
                    "file": "claimpuff_orange/r1frame21.png"
                }
            ]
        ],
        "td": [
            [
                {
                    "file": "claimpuff_orange/r1frame01.png"
                },
                {
                    "file": "claimpuff_orange/r1frame02.png"
                },
                {
                    "file": "claimpuff_orange/r1frame03.png"
                },
                {
                    "file": "claimpuff_orange/r1frame04.png"
                },
                {
                    "file": "claimpuff_orange/r1frame05.png"
                },
                {
                    "file": "claimpuff_orange/r1frame06.png"
                },
                {
                    "file": "claimpuff_orange/r1frame07.png"
                },
                {
                    "file": "claimpuff_orange/r1frame08.png"
                },
                {
                    "file": "claimpuff_orange/r1frame09.png"
                },
                {
                    "file": "claimpuff_orange/r1frame10.png"
                },
                {
                    "file": "claimpuff_orange/r1frame11.png"
                },
                {
                    "file": "claimpuff_orange/r1frame12.png"
                },
                {
                    "file": "claimpuff_orange/r1frame13.png"
                },
                {
                    "file": "claimpuff_orange/r1frame14.png"
                },
                {
                    "file": "claimpuff_orange/r1frame15.png"
                },
                {
                    "file": "claimpuff_orange/r1frame16.png"
                },
                {
                    "file": "claimpuff_orange/r1frame17.png"
                },
                {
                    "file": "claimpuff_orange/r1frame18.png"
                },
                {
                    "file": "claimpuff_orange/r1frame19.png"
                },
                {
                    "file": "claimpuff_orange/r1frame20.png"
                },
                {
                    "file": "claimpuff_orange/r1frame21.png"
                }
            ]
        ]
    },
    {
        "name": "CLAIMPUFF_PURPLE",
        "rotatable": false,
        "fp_offset_x": 38,
        "fp_offset_y": 141,
        "td_offset_x": 28,
        "td_offset_y": 141,
        "fp": [
            [
                {
                    "file": "claimpuff_purple/r1frame01.png"
                },
                {
                    "file": "claimpuff_purple/r1frame02.png"
                },
                {
                    "file": "claimpuff_purple/r1frame03.png"
                },
                {
                    "file": "claimpuff_purple/r1frame04.png"
                },
                {
                    "file": "claimpuff_purple/r1frame05.png"
                },
                {
                    "file": "claimpuff_purple/r1frame06.png"
                },
                {
                    "file": "claimpuff_purple/r1frame07.png"
                },
                {
                    "file": "claimpuff_purple/r1frame08.png"
                },
                {
                    "file": "claimpuff_purple/r1frame09.png"
                },
                {
                    "file": "claimpuff_purple/r1frame10.png"
                },
                {
                    "file": "claimpuff_purple/r1frame11.png"
                },
                {
                    "file": "claimpuff_purple/r1frame12.png"
                },
                {
                    "file": "claimpuff_purple/r1frame13.png"
                },
                {
                    "file": "claimpuff_purple/r1frame14.png"
                },
                {
                    "file": "claimpuff_purple/r1frame15.png"
                },
                {
                    "file": "claimpuff_purple/r1frame16.png"
                },
                {
                    "file": "claimpuff_purple/r1frame17.png"
                },
                {
                    "file": "claimpuff_purple/r1frame18.png"
                },
                {
                    "file": "claimpuff_purple/r1frame19.png"
                },
                {
                    "file": "claimpuff_purple/r1frame20.png"
                },
                {
                    "file": "claimpuff_purple/r1frame21.png"
                }
            ]
        ],
        "td": [
            [
                {
                    "file": "claimpuff_purple/r1frame01.png"
                },
                {
                    "file": "claimpuff_purple/r1frame02.png"
                },
                {
                    "file": "claimpuff_purple/r1frame03.png"
                },
                {
                    "file": "claimpuff_purple/r1frame04.png"
                },
                {
                    "file": "claimpuff_purple/r1frame05.png"
                },
                {
                    "file": "claimpuff_purple/r1frame06.png"
                },
                {
                    "file": "claimpuff_purple/r1frame07.png"
                },
                {
                    "file": "claimpuff_purple/r1frame08.png"
                },
                {
                    "file": "claimpuff_purple/r1frame09.png"
                },
                {
                    "file": "claimpuff_purple/r1frame10.png"
                },
                {
                    "file": "claimpuff_purple/r1frame11.png"
                },
                {
                    "file": "claimpuff_purple/r1frame12.png"
                },
                {
                    "file": "claimpuff_purple/r1frame13.png"
                },
                {
                    "file": "claimpuff_purple/r1frame14.png"
                },
                {
                    "file": "claimpuff_purple/r1frame15.png"
                },
                {
                    "file": "claimpuff_purple/r1frame16.png"
                },
                {
                    "file": "claimpuff_purple/r1frame17.png"
                },
                {
                    "file": "claimpuff_purple/r1frame18.png"
                },
                {
                    "file": "claimpuff_purple/r1frame19.png"
                },
                {
                    "file": "claimpuff_purple/r1frame20.png"
                },
                {
                    "file": "claimpuff_purple/r1frame21.png"
                }
            ]
        ]
    },
    {
        "name": "CLAIMPUFF_WHITE",
        "rotatable": false,
        "fp_offset_x": 38,
        "fp_offset_y": 141,
        "td_offset_x": 28,
        "td_offset_y": 141,
        "fp": [
            [
                {
                    "file": "claimpuff_white/r1frame01.png"
                },
                {
                    "file": "claimpuff_white/r1frame02.png"
                },
                {
                    "file": "claimpuff_white/r1frame03.png"
                },
                {
                    "file": "claimpuff_white/r1frame04.png"
                },
                {
                    "file": "claimpuff_white/r1frame05.png"
                },
                {
                    "file": "claimpuff_white/r1frame06.png"
                },
                {
                    "file": "claimpuff_white/r1frame07.png"
                },
                {
                    "file": "claimpuff_white/r1frame08.png"
                },
                {
                    "file": "claimpuff_white/r1frame09.png"
                },
                {
                    "file": "claimpuff_white/r1frame10.png"
                },
                {
                    "file": "claimpuff_white/r1frame11.png"
                },
                {
                    "file": "claimpuff_white/r1frame12.png"
                },
                {
                    "file": "claimpuff_white/r1frame13.png"
                },
                {
                    "file": "claimpuff_white/r1frame14.png"
                },
                {
                    "file": "claimpuff_white/r1frame15.png"
                },
                {
                    "file": "claimpuff_white/r1frame16.png"
                },
                {
                    "file": "claimpuff_white/r1frame17.png"
                },
                {
                    "file": "claimpuff_white/r1frame18.png"
                },
                {
                    "file": "claimpuff_white/r1frame19.png"
                },
                {
                    "file": "claimpuff_white/r1frame20.png"
                },
                {
                    "file": "claimpuff_white/r1frame21.png"
                }
            ]
        ],
        "td": [
            [
                {
                    "file": "claimpuff_white/r1frame01.png"
                },
                {
                    "file": "claimpuff_white/r1frame02.png"
                },
                {
                    "file": "claimpuff_white/r1frame03.png"
                },
                {
                    "file": "claimpuff_white/r1frame04.png"
                },
                {
                    "file": "claimpuff_white/r1frame05.png"
                },
                {
                    "file": "claimpuff_white/r1frame06.png"
                },
                {
                    "file": "claimpuff_white/r1frame07.png"
                },
                {
                    "file": "claimpuff_white/r1frame08.png"
                },
                {
                    "file": "claimpuff_white/r1frame09.png"
                },
                {
                    "file": "claimpuff_white/r1frame10.png"
                },
                {
                    "file": "claimpuff_white/r1frame11.png"
                },
                {
                    "file": "claimpuff_white/r1frame12.png"
                },
                {
                    "file": "claimpuff_white/r1frame13.png"
                },
                {
                    "file": "claimpuff_white/r1frame14.png"
                },
                {
                    "file": "claimpuff_white/r1frame15.png"
                },
                {
                    "file": "claimpuff_white/r1frame16.png"
                },
                {
                    "file": "claimpuff_white/r1frame17.png"
                },
                {
                    "file": "claimpuff_white/r1frame18.png"
                },
                {
                    "file": "claimpuff_white/r1frame19.png"
                },
                {
                    "file": "claimpuff_white/r1frame20.png"
                },
                {
                    "file": "claimpuff_white/r1frame21.png"
                }
            ]
        ]
    },
    {
        "name": "CREATEIMP_SPANGLE_BLACK",
        "rotatable": false,
        "fp_offset_x": 48,
        "fp_offset_y": 85,
        "td_offset_x": 48,
        "td_offset_y": 85,
        "fp": [
            [
                {
                    "file": "createimp_spangle_black/r1frame01.png"
                },
                {
                    "file": "createimp_spangle_black/r1frame02.png"
                },
                {
                    "file": "createimp_spangle_black/r1frame03.png"
                },
                {
                    "file": "createimp_spangle_black/r1frame04.png"
                },
                {
                    "file": "createimp_spangle_black/r1frame05.png"
                },
                {
                    "file": "createimp_spangle_black/r1frame06.png"
                },
                {
                    "file": "createimp_spangle_black/r1frame07.png"
                },
                {
                    "file": "createimp_spangle_black/r1frame08.png"
                }
            ]
        ],
        "td": [
            [
                {
                    "file": "createimp_spangle_black/r1frame01.png"
                },
                {
                    "file": "createimp_spangle_black/r1frame02.png"
                },
                {
                    "file": "createimp_spangle_black/r1frame03.png"
                },
                {
                    "file": "createimp_spangle_black/r1frame04.png"
                },
                {
                    "file": "createimp_spangle_black/r1frame05.png"
                },
                {
                    "file": "createimp_spangle_black/r1frame06.png"
                },
                {
                    "file": "createimp_spangle_black/r1frame07.png"
                },
                {
                    "file": "createimp_spangle_black/r1frame08.png"
                }
            ]
        ]
    },
    {
        "name": "CREATEIMP_SPANGLE_ORANGE",
        "rotatable": false,
        "fp_offset_x": 48,
        "fp_offset_y": 85,
        "td_offset_x": 48,
        "td_offset_y": 85,
        "fp": [
            [
                {
                    "file": "createimp_spangle_orange/r1frame01.png"
                },
                {
                    "file": "createimp_spangle_orange/r1frame02.png"
                },
                {
                    "file": "createimp_spangle_orange/r1frame03.png"
                },
                {
                    "file": "createimp_spangle_orange/r1frame04.png"
                },
                {
                    "file": "createimp_spangle_orange/r1frame05.png"
                },
                {
                    "file": "createimp_spangle_orange/r1frame06.png"
                },
                {
                    "file": "createimp_spangle_orange/r1frame07.png"
                },
                {
                    "file": "createimp_spangle_orange/r1frame08.png"
                }
            ]
        ],
        "td": [
            [
                {
                    "file": "createimp_spangle_orange/r1frame01.png"
                },
                {
                    "file": "createimp_spangle_orange/r1frame02.png"
                },
                {
                    "file": "createimp_spangle_orange/r1frame03.png"
                },
                {
                    "file": "createimp_spangle_orange/r1frame04.png"
                },
                {
                    "file": "createimp_spangle_orange/r1frame05.png"
                },
                {
                    "file": "createimp_spangle_orange/r1frame06.png"
                },
                {
                    "file": "createimp_spangle_orange/r1frame07.png"
                },
                {
                    "file": "createimp_spangle_orange/r1frame08.png"
                }
            ]
        ]
    },
    {
        "name": "CREATEIMP_SPANGLE_PURPLE",
        "rotatable": false,
        "fp_offset_x": 48,
        "fp_offset_y": 85,
        "td_offset_x": 48,
        "td_offset_y": 85,
        "fp": [
            [
                {
                    "file": "createimp_spangle_purple/r1frame01.png"
                },
                {
                    "file": "createimp_spangle_purple/r1frame02.png"
                },
                {
                    "file": "createimp_spangle_purple/r1frame03.png"
                },
                {
                    "file": "createimp_spangle_purple/r1frame04.png"
                },
                {
                    "file": "createimp_spangle_purple/r1frame05.png"
                },
                {
                    "file": "createimp_spangle_purple/r1frame06.png"
                },
                {
                    "file": "createimp_spangle_purple/r1frame07.png"
                },
                {
                    "file": "createimp_spangle_purple/r1frame08.png"
                }
            ]
        ],
        "td": [
            [
                {
                    "file": "createimp_spangle_purple/r1frame01.png"
                },
                {
                    "file": "createimp_spangle_purple/r1frame02.png"
                },
                {
                    "file": "createimp_spangle_purple/r1frame03.png"
                },
                {
                    "file": "createimp_spangle_purple/r1frame04.png"
                },
                {
                    "file": "createimp_spangle_purple/r1frame05.png"
                },
                {
                    "file": "createimp_spangle_purple/r1frame06.png"
                },
                {
                    "file": "createimp_spangle_purple/r1frame07.png"
                },
                {
                    "file": "createimp_spangle_purple/r1frame08.png"
                }
            ]
        ]
    },
    {
        "name": "CTA_BLACK_ACTIVATE",
        "rotatable": false,
        "fp_offset_x": 28,
        "fp_offset_y": 94,
        "td_offset_x": 21,
        "td_offset_y": 68,
        "fp": [
            [
                {
                    "file": "cta_black_activate_fp/r1frame01.png"
                },
                {
                    "file": "cta_black_activate_fp/r1frame02.png"
                },
                {
                    "file": "cta_black_activate_fp/r1frame03.png"
                },
                {
                    "file": "cta_black_activate_fp/r1frame04.png"
                },
                {
                    "file": "cta_black_activate_fp/r1frame05.png"
                },
                {
                    "file": "cta_black_activate_fp/r1frame06.png"
                },
                {
                    "file": "cta_black_activate_fp/r1frame07.png"
                }
            ]
        ],
        "td": [
            [
                {
                    "file": "cta_black_activate_td/r1frame01.png"
                },
                {
                    "file": "cta_black_activate_td/r1frame02.png"
                },
                {
                    "file": "cta_black_activate_td/r1frame03.png"
                },
                {
                    "file": "cta_black_activate_td/r1frame04.png"
                },
                {
                    "file": "cta_black_activate_td/r1frame05.png"
                },
                {
                    "file": "cta_black_activate_td/r1frame06.png"
                },
                {
                    "file": "cta_black_activate_td/r1frame07.png"
                }
            ]
        ]
    },
    {
        "name": "CTA_BLACK_ACTIVE",
        "rotatable": false,
        "fp_offset_x": 28,
        "fp_offset_y": 94,
        "td_offset_x": 23,
        "td_offset_y": 75,
        "fp": [
            [
                {
                    "file": "cta_black_active_fp/r1frame01.png"
                },
                {
                    "file": "cta_black_active_fp/r1frame02.png"
                },
                {
                    "file": "cta_black_active_fp/r1frame03.png"
                },
                {
                    "file": "cta_black_active_fp/r1frame04.png"
                },
                {
                    "file": "cta_black_active_fp/r1frame05.png"
                },
                {
                    "file": "cta_black_active_fp/r1frame06.png"
                },
                {
                    "file": "cta_black_active_fp/r1frame07.png"
                },
                {
                    "file": "cta_black_active_fp/r1frame08.png"
                }
            ]
        ],
        "td": [
            [
                {
                    "file": "cta_black_active_td/r1frame01.png"
                },
                {
                    "file": "cta_black_active_td/r1frame02.png"
                },
                {
                    "file": "cta_black_active_td/r1frame03.png"
                },
                {
                    "file": "cta_black_active_td/r1frame04.png"
                },
                {
                    "file": "cta_black_active_td/r1frame05.png"
                },
                {
                    "file": "cta_black_active_td/r1frame06.png"
                },
                {
                    "file": "cta_black_active_td/r1frame07.png"
                },
                {
                    "file": "cta_black_active_td/r1frame08.png"
                }
            ]
        ]
    },
    {
        "name": "CTA_BLACK_DEACTIVATE",
        "rotatable": false,
        "fp_offset_x": 26,
        "fp_offset_y": 93,
        "td_offset_x": 23,
        "td_offset_y": 69,
        "fp": [
            [
                {
                    "file": "cta_black_deactivate_fp/r1frame01.png"
                },
                {
                    "file": "cta_black_deactivate_fp/r1frame02.png"
                },
                {
                    "file": "cta_black_deactivate_fp/r1frame03.png"
                },
                {
                    "file": "cta_black_deactivate_fp/r1frame04.png"
                },
                {
                    "file": "cta_black_deactivate_fp/r1frame05.png"
                },
                {
                    "file": "cta_black_deactivate_fp/r1frame06.png"
                },
                {
                    "file": "cta_black_deactivate_fp/r1frame07.png"
                },
                {
                    "file": "cta_black_deactivate_fp/r1frame08.png"
                },
                {
                    "file": "cta_black_deactivate_fp/r1frame09.png"
                }
            ]
        ],
        "td": [
            [
                {
                    "file": "cta_black_deactivate_td/r1frame01.png"
                },
                {
                    "file": "cta_black_deactivate_td/r1frame02.png"
                },
                {
                    "file": "cta_black_deactivate_td/r1frame03.png"
                },
                {
                    "file": "cta_black_deactivate_td/r1frame04.png"
                },
                {
                    "file": "cta_black_deactivate_td/r1frame05.png"
                },
                {
                    "file": "cta_black_deactivate_td/r1frame06.png"
                },
                {
                    "file": "cta_black_deactivate_td/r1frame07.png"
                },
                {
                    "file": "cta_black_deactivate_td/r1frame08.png"
                },
                {
                    "file": "cta_black_deactivate_td/r1frame09.png"
                }
            ]
        ]
    },
    {
        "name": "CTA_ORANGE_ACTIVATE",
        "rotatable": false,
        "fp_offset_x": 28,
        "fp_offset_y": 94,
        "td_offset_x": 21,
        "td_offset_y": 68,
        "fp": [
            [
                {
                    "file": "cta_orange_activate_fp/r1frame01.png"
                },
                {
                    "file": "cta_orange_activate_fp/r1frame02.png"
                },
                {
                    "file": "cta_orange_activate_fp/r1frame03.png"
                },
                {
                    "file": "cta_orange_activate_fp/r1frame04.png"
                },
                {
                    "file": "cta_orange_activate_fp/r1frame05.png"
                },
                {
                    "file": "cta_orange_activate_fp/r1frame06.png"
                },
                {
                    "file": "cta_orange_activate_fp/r1frame07.png"
                }
            ]
        ],
        "td": [
            [
                {
                    "file": "cta_orange_activate_td/r1frame01.png"
                },
                {
                    "file": "cta_orange_activate_td/r1frame02.png"
                },
                {
                    "file": "cta_orange_activate_td/r1frame03.png"
                },
                {
                    "file": "cta_orange_activate_td/r1frame04.png"
                },
                {
                    "file": "cta_orange_activate_td/r1frame05.png"
                },
                {
                    "file": "cta_orange_activate_td/r1frame06.png"
                },
                {
                    "file": "cta_orange_activate_td/r1frame07.png"
                }
            ]
        ]
    },
    {
        "name": "CTA_ORANGE_ACTIVE",
        "rotatable": false,
        "fp_offset_x": 28,
        "fp_offset_y": 94,
        "td_offset_x": 23,
        "td_offset_y": 75,
        "fp": [
            [
                {
                    "file": "cta_orange_active_fp/r1frame01.png"
                },
                {
                    "file": "cta_orange_active_fp/r1frame02.png"
                },
                {
                    "file": "cta_orange_active_fp/r1frame03.png"
                },
                {
                    "file": "cta_orange_active_fp/r1frame04.png"
                },
                {
                    "file": "cta_orange_active_fp/r1frame05.png"
                },
                {
                    "file": "cta_orange_active_fp/r1frame06.png"
                },
                {
                    "file": "cta_orange_active_fp/r1frame07.png"
                },
                {
                    "file": "cta_orange_active_fp/r1frame08.png"
                }
            ]
        ],
        "td": [
            [
                {
                    "file": "cta_orange_active_td/r1frame01.png"
                },
                {
                    "file": "cta_orange_active_td/r1frame02.png"
                },
                {
                    "file": "cta_orange_active_td/r1frame03.png"
                },
                {
                    "file": "cta_orange_active_td/r1frame04.png"
                },
                {
                    "file": "cta_orange_active_td/r1frame05.png"
                },
                {
                    "file": "cta_orange_active_td/r1frame06.png"
                },
                {
                    "file": "cta_orange_active_td/r1frame07.png"
                },
                {
                    "file": "cta_orange_active_td/r1frame08.png"
                }
            ]
        ]
    },
    {
        "name": "CTA_ORANGE_DEACTIVATE",
        "rotatable": false,
        "fp_offset_x": 26,
        "fp_offset_y": 93,
        "td_offset_x": 23,
        "td_offset_y": 69,
        "fp": [
            [
                {
                    "file": "cta_orange_deactivate_fp/r1frame01.png"
                },
                {
                    "file": "cta_orange_deactivate_fp/r1frame02.png"
                },
                {
                    "file": "cta_orange_deactivate_fp/r1frame03.png"
                },
                {
                    "file": "cta_orange_deactivate_fp/r1frame04.png"
                },
                {
                    "file": "cta_orange_deactivate_fp/r1frame05.png"
                },
                {
                    "file": "cta_orange_deactivate_fp/r1frame06.png"
                },
                {
                    "file": "cta_orange_deactivate_fp/r1frame07.png"
                },
                {
                    "file": "cta_orange_deactivate_fp/r1frame08.png"
                },
                {
                    "file": "cta_orange_deactivate_fp/r1frame09.png"
                }
            ]
        ],
        "td": [
            [
                {
                    "file": "cta_orange_deactivate_td/r1frame01.png"
                },
                {
                    "file": "cta_orange_deactivate_td/r1frame02.png"
                },
                {
                    "file": "cta_orange_deactivate_td/r1frame03.png"
                },
                {
                    "file": "cta_orange_deactivate_td/r1frame04.png"
                },
                {
                    "file": "cta_orange_deactivate_td/r1frame05.png"
                },
                {
                    "file": "cta_orange_deactivate_td/r1frame06.png"
                },
                {
                    "file": "cta_orange_deactivate_td/r1frame07.png"
                },
                {
                    "file": "cta_orange_deactivate_td/r1frame08.png"
                },
                {
                    "file": "cta_orange_deactivate_td/r1frame09.png"
                }
            ]
        ]
    },
    {
        "name": "CTA_PURPLE_ACTIVATE",
        "rotatable": false,
        "fp_offset_x": 28,
        "fp_offset_y": 94,
        "td_offset_x": 21,
        "td_offset_y": 68,
        "fp": [
            [
                {
                    "file": "cta_purple_activate_fp/r1frame01.png"
                },
                {
                    "file": "cta_purple_activate_fp/r1frame02.png"
                },
                {
                    "file": "cta_purple_activate_fp/r1frame03.png"
                },
                {
                    "file": "cta_purple_activate_fp/r1frame04.png"
                },
                {
                    "file": "cta_purple_activate_fp/r1frame05.png"
                },
                {
                    "file": "cta_purple_activate_fp/r1frame06.png"
                },
                {
                    "file": "cta_purple_activate_fp/r1frame07.png"
                }
            ]
        ],
        "td": [
            [
                {
                    "file": "cta_purple_activate_td/r1frame01.png"
                },
                {
                    "file": "cta_purple_activate_td/r1frame02.png"
                },
                {
                    "file": "cta_purple_activate_td/r1frame03.png"
                },
                {
                    "file": "cta_purple_activate_td/r1frame04.png"
                },
                {
                    "file": "cta_purple_activate_td/r1frame05.png"
                },
                {
                    "file": "cta_purple_activate_td/r1frame06.png"
                },
                {
                    "file": "cta_purple_activate_td/r1frame07.png"
                }
            ]
        ]
    },
    {
        "name": "CTA_PURPLE_ACTIVE",
        "rotatable": false,
        "fp_offset_x": 28,
        "fp_offset_y": 94,
        "td_offset_x": 23,
        "td_offset_y": 75,
        "fp": [
            [
                {
                    "file": "cta_purple_active_fp/r1frame01.png"
                },
                {
                    "file": "cta_purple_active_fp/r1frame02.png"
                },
                {
                    "file": "cta_purple_active_fp/r1frame03.png"
                },
                {
                    "file": "cta_purple_active_fp/r1frame04.png"
                },
                {
                    "file": "cta_purple_active_fp/r1frame05.png"
                },
                {
                    "file": "cta_purple_active_fp/r1frame06.png"
                },
                {
                    "file": "cta_purple_active_fp/r1frame07.png"
                },
                {
                    "file": "cta_purple_active_fp/r1frame08.png"
                }
            ]
        ],
        "td": [
            [
                {
                    "file": "cta_purple_active_td/r1frame01.png"
                },
                {
                    "file": "cta_purple_active_td/r1frame02.png"
                },
                {
                    "file": "cta_purple_active_td/r1frame03.png"
                },
                {
                    "file": "cta_purple_active_td/r1frame04.png"
                },
                {
                    "file": "cta_purple_active_td/r1frame05.png"
                },
                {
                    "file": "cta_purple_active_td/r1frame06.png"
                },
                {
                    "file": "cta_purple_active_td/r1frame07.png"
                },
                {
                    "file": "cta_purple_active_td/r1frame08.png"
                }
            ]
        ]
    },
    {
        "name": "CTA_PURPLE_DEACTIVATE",
        "rotatable": false,
        "fp_offset_x": 26,
        "fp_offset_y": 93,
        "td_offset_x": 23,
        "td_offset_y": 69,
        "fp": [
            [
                {
                    "file": "cta_purple_deactivate_fp/r1frame01.png"
                },
                {
                    "file": "cta_purple_deactivate_fp/r1frame02.png"
                },
                {
                    "file": "cta_purple_deactivate_fp/r1frame03.png"
                },
                {
                    "file": "cta_purple_deactivate_fp/r1frame04.png"
                },
                {
                    "file": "cta_purple_deactivate_fp/r1frame05.png"
                },
                {
                    "file": "cta_purple_deactivate_fp/r1frame06.png"
                },
                {
                    "file": "cta_purple_deactivate_fp/r1frame07.png"
                },
                {
                    "file": "cta_purple_deactivate_fp/r1frame08.png"
                },
                {
                    "file": "cta_purple_deactivate_fp/r1frame09.png"
                }
            ]
        ],
        "td": [
            [
                {
                    "file": "cta_purple_deactivate_td/r1frame01.png"
                },
                {
                    "file": "cta_purple_deactivate_td/r1frame02.png"
                },
                {
                    "file": "cta_purple_deactivate_td/r1frame03.png"
                },
                {
                    "file": "cta_purple_deactivate_td/r1frame04.png"
                },
                {
                    "file": "cta_purple_deactivate_td/r1frame05.png"
                },
                {
                    "file": "cta_purple_deactivate_td/r1frame06.png"
                },
                {
                    "file": "cta_purple_deactivate_td/r1frame07.png"
                },
                {
                    "file": "cta_purple_deactivate_td/r1frame08.png"
                },
                {
                    "file": "cta_purple_deactivate_td/r1frame09.png"
                }
            ]
        ]
    },
    {
        "name": "CTA_WHITE_ACTIVATE",
        "rotatable": false,
        "fp_offset_x": 28,
        "fp_offset_y": 94,
        "td_offset_x": 21,
        "td_offset_y": 68,
        "fp": [
            [
                {
                    "file": "cta_white_activate_fp/r1frame01.png"
                },
                {
                    "file": "cta_white_activate_fp/r1frame02.png"
                },
                {
                    "file": "cta_white_activate_fp/r1frame03.png"
                },
                {
                    "file": "cta_white_activate_fp/r1frame04.png"
                },
                {
                    "file": "cta_white_activate_fp/r1frame05.png"
                },
                {
                    "file": "cta_white_activate_fp/r1frame06.png"
                },
                {
                    "file": "cta_white_activate_fp/r1frame07.png"
                }
            ]
        ],
        "td": [
            [
                {
                    "file": "cta_white_activate_td/r1frame01.png"
                },
                {
                    "file": "cta_white_activate_td/r1frame02.png"
                },
                {
                    "file": "cta_white_activate_td/r1frame03.png"
                },
                {
                    "file": "cta_white_activate_td/r1frame04.png"
                },
                {
                    "file": "cta_white_activate_td/r1frame05.png"
                },
                {
                    "file": "cta_white_activate_td/r1frame06.png"
                },
                {
                    "file": "cta_white_activate_td/r1frame07.png"
                }
            ]
        ]
    },
    {
        "name": "CTA_WHITE_ACTIVE",
        "rotatable": false,
        "fp_offset_x": 28,
        "fp_offset_y": 94,
        "td_offset_x": 23,
        "td_offset_y": 75,
        "fp": [
            [
                {
                    "file": "cta_white_active_fp/r1frame01.png"
                },
                {
                    "file": "cta_white_active_fp/r1frame02.png"
                },
                {
                    "file": "cta_white_active_fp/r1frame03.png"
                },
                {
                    "file": "cta_white_active_fp/r1frame04.png"
                },
                {
                    "file": "cta_white_active_fp/r1frame05.png"
                },
                {
                    "file": "cta_white_active_fp/r1frame06.png"
                },
                {
                    "file": "cta_white_active_fp/r1frame07.png"
                },
                {
                    "file": "cta_white_active_fp/r1frame08.png"
                }
            ]
        ],
        "td": [
            [
                {
                    "file": "cta_white_active_td/r1frame01.png"
                },
                {
                    "file": "cta_white_active_td/r1frame02.png"
                },
                {
                    "file": "cta_white_active_td/r1frame03.png"
                },
                {
                    "file": "cta_white_active_td/r1frame04.png"
                },
                {
                    "file": "cta_white_active_td/r1frame05.png"
                },
                {
                    "file": "cta_white_active_td/r1frame06.png"
                },
                {
                    "file": "cta_white_active_td/r1frame07.png"
                },
                {
                    "file": "cta_white_active_td/r1frame08.png"
                }
            ]
        ]
    },
    {
        "name": "CTA_WHITE_DEACTIVATE",
        "rotatable": false,
        "fp_offset_x": 26,
        "fp_offset_y": 93,
        "td_offset_x": 23,
        "td_offset_y": 69,
        "fp": [
            [
                {
                    "file": "cta_white_deactivate_fp/r1frame01.png"
                },
                {
                    "file": "cta_white_deactivate_fp/r1frame02.png"
                },
                {
                    "file": "cta_white_deactivate_fp/r1frame03.png"
                },
                {
                    "file": "cta_white_deactivate_fp/r1frame04.png"
                },
                {
                    "file": "cta_white_deactivate_fp/r1frame05.png"
                },
                {
                    "file": "cta_white_deactivate_fp/r1frame06.png"
                },
                {
                    "file": "cta_white_deactivate_fp/r1frame07.png"
                },
                {
                    "file": "cta_white_deactivate_fp/r1frame08.png"
                },
                {
                    "file": "cta_white_deactivate_fp/r1frame09.png"
                }
            ]
        ],
        "td": [
            [
                {
                    "file": "cta_white_deactivate_td/r1frame01.png"
                },
                {
                    "file": "cta_white_deactivate_td/r1frame02.png"
                },
                {
                    "file": "cta_white_deactivate_td/r1frame03.png"
                },
                {
                    "file": "cta_white_deactivate_td/r1frame04.png"
                },
                {
                    "file": "cta_white_deactivate_td/r1frame05.png"
                },
                {
                    "file": "cta_white_deactivate_td/r1frame06.png"
                },
                {
                    "file": "cta_white_deactivate_td/r1frame07.png"
                },
                {
                    "file": "cta_white_deactivate_td/r1frame08.png"
                },
                {
                    "file": "cta_white_deactivate_td/r1frame09.png"
                }
            ]
        ]
    },
    {
        "name": "FLAGPOLE_BLACKFLAG",
        "rotatable": false,
        "fp_offset_x": 33,
        "fp_offset_y": 94,
        "td_offset_x": 25,
        "td_offset_y": 60,
        "fp": [
            [
                {
                    "file": "flagpole_blackflag_fp/r1frame01.png"
                },
                {
                    "file": "flagpole_blackflag_fp/r1frame02.png"
                },
                {
                    "file": "flagpole_blackflag_fp/r1frame03.png"
                },
                {
                    "file": "flagpole_blackflag_fp/r1frame04.png"
                },
                {
                    "file": "flagpole_blackflag_fp/r1frame05.png"
                },
                {
                    "file": "flagpole_blackflag_fp/r1frame06.png"
                },
                {
                    "file": "flagpole_blackflag_fp/r1frame07.png"
                },
                {
                    "file": "flagpole_blackflag_fp/r1frame08.png"
                }
            ]
        ],
        "td": [
            [
                {
                    "file": "flagpole_blackflag_td/r1frame01.png"
                },
                {
                    "file": "flagpole_blackflag_td/r1frame02.png"
                },
                {
                    "file": "flagpole_blackflag_td/r1frame03.png"
                },
                {
                    "file": "flagpole_blackflag_td/r1frame04.png"
                },
                {
                    "file": "flagpole_blackflag_td/r1frame05.png"
                },
                {
                    "file": "flagpole_blackflag_td/r1frame06.png"
                },
                {
                    "file": "flagpole_blackflag_td/r1frame07.png"
                },
                {
                    "file": "flagpole_blackflag_td/r1frame08.png"
                }
            ]
        ]
    },
    {
        "name": "FLAGPOLE_ORANGEFLAG",
        "rotatable": false,
        "fp_offset_x": 33,
        "fp_offset_y": 94,
        "td_offset_x": 25,
        "td_offset_y": 60,
        "fp": [
            [
                {
                    "file": "flagpole_orangeflag_fp/r1frame01.png"
                },
                {
                    "file": "flagpole_orangeflag_fp/r1frame02.png"
                },
                {
                    "file": "flagpole_orangeflag_fp/r1frame03.png"
                },
                {
                    "file": "flagpole_orangeflag_fp/r1frame04.png"
                },
                {
                    "file": "flagpole_orangeflag_fp/r1frame05.png"
                },
                {
                    "file": "flagpole_orangeflag_fp/r1frame06.png"
                },
                {
                    "file": "flagpole_orangeflag_fp/r1frame07.png"
                },
                {
                    "file": "flagpole_orangeflag_fp/r1frame08.png"
                }
            ]
        ],
        "td": [
            [
                {
                    "file": "flagpole_orangeflag_td/r1frame01.png"
                },
                {
                    "file": "flagpole_orangeflag_td/r1frame02.png"
                },
                {
                    "file": "flagpole_orangeflag_td/r1frame03.png"
                },
                {
                    "file": "flagpole_orangeflag_td/r1frame04.png"
                },
                {
                    "file": "flagpole_orangeflag_td/r1frame05.png"
                },
                {
                    "file": "flagpole_orangeflag_td/r1frame06.png"
                },
                {
                    "file": "flagpole_orangeflag_td/r1frame07.png"
                },
                {
                    "file": "flagpole_orangeflag_td/r1frame08.png"
                }
            ]
        ]
    },
    {
        "name": "FLAGPOLE_PURPLEFLAG",
        "rotatable": false,
        "fp_offset_x": 33,
        "fp_offset_y": 94,
        "td_offset_x": 25,
        "td_offset_y": 60,
        "fp": [
            [
                {
                    "file": "flagpole_purpleflag_fp/r1frame01.png"
                },
                {
                    "file": "flagpole_purpleflag_fp/r1frame02.png"
                },
                {
                    "file": "flagpole_purpleflag_fp/r1frame03.png"
                },
                {
                    "file": "flagpole_purpleflag_fp/r1frame04.png"
                },
                {
                    "file": "flagpole_purpleflag_fp/r1frame05.png"
                },
                {
                    "file": "flagpole_purpleflag_fp/r1frame06.png"
                },
                {
                    "file": "flagpole_purpleflag_fp/r1frame07.png"
                },
                {
                    "file": "flagpole_purpleflag_fp/r1frame08.png"
                }
            ]
        ],
        "td": [
            [
                {
                    "file": "flagpole_purpleflag_td/r1frame01.png"
                },
                {
                    "file": "flagpole_purpleflag_td/r1frame02.png"
                },
                {
                    "file": "flagpole_purpleflag_td/r1frame03.png"
                },
                {
                    "file": "flagpole_purpleflag_td/r1frame04.png"
                },
                {
                    "file": "flagpole_purpleflag_td/r1frame05.png"
                },
                {
                    "file": "flagpole_purpleflag_td/r1frame06.png"
                },
                {
                    "file": "flagpole_purpleflag_td/r1frame07.png"
                },
                {
                    "file": "flagpole_purpleflag_td/r1frame08.png"
                }
            ]
        ]
    },
    {
        "name": "FLAGPOLE_WHITEFLAG",
        "rotatable": false,
        "fp_offset_x": 33,
        "fp_offset_y": 94,
        "td_offset_x": 25,
        "td_offset_y": 60,
        "fp": [
            [
                {
                    "file": "flagpole_whiteflag_fp/r1frame01.png"
                },
                {
                    "file": "flagpole_whiteflag_fp/r1frame02.png"
                },
                {
                    "file": "flagpole_whiteflag_fp/r1frame03.png"
                },
                {
                    "file": "flagpole_whiteflag_fp/r1frame04.png"
                },
                {
                    "file": "flagpole_whiteflag_fp/r1frame05.png"
                },
                {
                    "file": "flagpole_whiteflag_fp/r1frame06.png"
                },
                {
                    "file": "flagpole_whiteflag_fp/r1frame07.png"
                },
                {
                    "file": "flagpole_whiteflag_fp/r1frame08.png"
                }
            ]
        ],
        "td": [
            [
                {
                    "file": "flagpole_whiteflag_td/r1frame01.png"
                },
                {
                    "file": "flagpole_whiteflag_td/r1frame02.png"
                },
                {
                    "file": "flagpole_whiteflag_td/r1frame03.png"
                },
                {
                    "file": "flagpole_whiteflag_td/r1frame04.png"
                },
                {
                    "file": "flagpole_whiteflag_td/r1frame05.png"
                },
                {
                    "file": "flagpole_whiteflag_td/r1frame06.png"
                },
                {
                    "file": "flagpole_whiteflag_td/r1frame07.png"
                },
                {
                    "file": "flagpole_whiteflag_td/r1frame08.png"
                }
            ]
        ]
    },
    {
        "name": "HEARTFLAME_BLACK",
        "rotatable": false,
        "fp_offset_x": 30,
        "fp_offset_y": 127,
        "td_offset_x": 30,
        "td_offset_y": 127,
        "fp": [
            [
                {
                    "file": "heartflame_black/r1frame01.png"
                },
                {
                    "file": "heartflame_black/r1frame02.png"
                },
                {
                    "file": "heartflame_black/r1frame03.png"
                },
                {
                    "file": "heartflame_black/r1frame04.png"
                },
                {
                    "file": "heartflame_black/r1frame05.png"
                },
                {
                    "file": "heartflame_black/r1frame06.png"
                },
                {
                    "file": "heartflame_black/r1frame07.png"
                },
                {
                    "file": "heartflame_black/r1frame08.png"
                },
                {
                    "file": "heartflame_black/r1frame09.png"
                },
                {
                    "file": "heartflame_black/r1frame10.png"
                },
                {
                    "file": "heartflame_black/r1frame11.png"
                },
                {
                    "file": "heartflame_black/r1frame12.png"
                },
                {
                    "file": "heartflame_black/r1frame13.png"
                },
                {
                    "file": "heartflame_black/r1frame14.png"
                },
                {
                    "file": "heartflame_black/r1frame15.png"
                },
                {
                    "file": "heartflame_black/r1frame16.png"
                }
            ]
        ],
        "td": [
            [
                {
                    "file": "heartflame_black/r1frame01.png"
                },
                {
                    "file": "heartflame_black/r1frame02.png"
                },
                {
                    "file": "heartflame_black/r1frame03.png"
                },
                {
                    "file": "heartflame_black/r1frame04.png"
                },
                {
                    "file": "heartflame_black/r1frame05.png"
                },
                {
                    "file": "heartflame_black/r1frame06.png"
                },
                {
                    "file": "heartflame_black/r1frame07.png"
                },
                {
                    "file": "heartflame_black/r1frame08.png"
                },
                {
                    "file": "heartflame_black/r1frame09.png"
                },
                {
                    "file": "heartflame_black/r1frame10.png"
                },
                {
                    "file": "heartflame_black/r1frame11.png"
                },
                {
                    "file": "heartflame_black/r1frame12.png"
                },
                {
                    "file": "heartflame_black/r1frame13.png"
                },
                {
                    "file": "heartflame_black/r1frame14.png"
                },
                {
                    "file": "heartflame_black/r1frame15.png"
                },
                {
                    "file": "heartflame_black/r1frame16.png"
                }
            ]
        ]
    },
    {
        "name": "HEARTFLAME_ORANGE",
        "rotatable": false,
        "fp_offset_x": 30,
        "fp_offset_y": 127,
        "td_offset_x": 30,
        "td_offset_y": 127,
        "fp": [
            [
                {
                    "file": "heartflame_orange/r1frame01.png"
                },
                {
                    "file": "heartflame_orange/r1frame02.png"
                },
                {
                    "file": "heartflame_orange/r1frame03.png"
                },
                {
                    "file": "heartflame_orange/r1frame04.png"
                },
                {
                    "file": "heartflame_orange/r1frame05.png"
                },
                {
                    "file": "heartflame_orange/r1frame06.png"
                },
                {
                    "file": "heartflame_orange/r1frame07.png"
                },
                {
                    "file": "heartflame_orange/r1frame08.png"
                },
                {
                    "file": "heartflame_orange/r1frame09.png"
                },
                {
                    "file": "heartflame_orange/r1frame10.png"
                },
                {
                    "file": "heartflame_orange/r1frame11.png"
                },
                {
                    "file": "heartflame_orange/r1frame12.png"
                },
                {
                    "file": "heartflame_orange/r1frame13.png"
                },
                {
                    "file": "heartflame_orange/r1frame14.png"
                },
                {
                    "file": "heartflame_orange/r1frame15.png"
                },
                {
                    "file": "heartflame_orange/r1frame16.png"
                }
            ]
        ],
        "td": [
            [
                {
                    "file": "heartflame_orange/r1frame01.png"
                },
                {
                    "file": "heartflame_orange/r1frame02.png"
                },
                {
                    "file": "heartflame_orange/r1frame03.png"
                },
                {
                    "file": "heartflame_orange/r1frame04.png"
                },
                {
                    "file": "heartflame_orange/r1frame05.png"
                },
                {
                    "file": "heartflame_orange/r1frame06.png"
                },
                {
                    "file": "heartflame_orange/r1frame07.png"
                },
                {
                    "file": "heartflame_orange/r1frame08.png"
                },
                {
                    "file": "heartflame_orange/r1frame09.png"
                },
                {
                    "file": "heartflame_orange/r1frame10.png"
                },
                {
                    "file": "heartflame_orange/r1frame11.png"
                },
                {
                    "file": "heartflame_orange/r1frame12.png"
                },
                {
                    "file": "heartflame_orange/r1frame13.png"
                },
                {
                    "file": "heartflame_orange/r1frame14.png"
                },
                {
                    "file": "heartflame_orange/r1frame15.png"
                },
                {
                    "file": "heartflame_orange/r1frame16.png"
                }
            ]
        ]
    },
    {
        "name": "HEARTFLAME_PURPLE",
        "rotatable": false,
        "fp_offset_x": 30,
        "fp_offset_y": 127,
        "td_offset_x": 30,
        "td_offset_y": 127,
        "fp": [
            [
                {
                    "file": "heartflame_purple/r1frame01.png"
                },
                {
                    "file": "heartflame_purple/r1frame02.png"
                },
                {
                    "file": "heartflame_purple/r1frame03.png"
                },
                {
                    "file": "heartflame_purple/r1frame04.png"
                },
                {
                    "file": "heartflame_purple/r1frame05.png"
                },
                {
                    "file": "heartflame_purple/r1frame06.png"
                },
                {
                    "file": "heartflame_purple/r1frame07.png"
                },
                {
                    "file": "heartflame_purple/r1frame08.png"
                },
                {
                    "file": "heartflame_purple/r1frame09.png"
                },
                {
                    "file": "heartflame_purple/r1frame10.png"
                },
                {
                    "file": "heartflame_purple/r1frame11.png"
                },
                {
                    "file": "heartflame_purple/r1frame12.png"
                },
                {
                    "file": "heartflame_purple/r1frame13.png"
                },
                {
                    "file": "heartflame_purple/r1frame14.png"
                },
                {
                    "file": "heartflame_purple/r1frame15.png"
                },
                {
                    "file": "heartflame_purple/r1frame16.png"
                }
            ]
        ],
        "td": [
            [
                {
                    "file": "heartflame_purple/r1frame01.png"
                },
                {
                    "file": "heartflame_purple/r1frame02.png"
                },
                {
                    "file": "heartflame_purple/r1frame03.png"
                },
                {
                    "file": "heartflame_purple/r1frame04.png"
                },
                {
                    "file": "heartflame_purple/r1frame05.png"
                },
                {
                    "file": "heartflame_purple/r1frame06.png"
                },
                {
                    "file": "heartflame_purple/r1frame07.png"
                },
                {
                    "file": "heartflame_purple/r1frame08.png"
                },
                {
                    "file": "heartflame_purple/r1frame09.png"
                },
                {
                    "file": "heartflame_purple/r1frame10.png"
                },
                {
                    "file": "heartflame_purple/r1frame11.png"
                },
                {
                    "file": "heartflame_purple/r1frame12.png"
                },
                {
                    "file": "heartflame_purple/r1frame13.png"
                },
                {
                    "file": "heartflame_purple/r1frame14.png"
                },
                {
                    "file": "heartflame_purple/r1frame15.png"
                },
                {
                    "file": "heartflame_purple/r1frame16.png"
                }
            ]
        ]
    },
    {
        "name": "HEARTFLAME_WHITE",
        "rotatable": false,
        "fp_offset_x": 30,
        "fp_offset_y": 127,
        "td_offset_x": 30,
        "td_offset_y": 127,
        "fp": [
            [
                {
                    "file": "heartflame_white/r1frame01.png"
                },
                {
                    "file": "heartflame_white/r1frame02.png"
                },
                {
                    "file": "heartflame_white/r1frame03.png"
                },
                {
                    "file": "heartflame_white/r1frame04.png"
                },
                {
                    "file": "heartflame_white/r1frame05.png"
                },
                {
                    "file": "heartflame_white/r1frame06.png"
                },
                {
                    "file": "heartflame_white/r1frame07.png"
                },
                {
                    "file": "heartflame_white/r1frame08.png"
                },
                {
                    "file": "heartflame_white/r1frame09.png"
                },
                {
                    "file": "heartflame_white/r1frame10.png"
                },
                {
                    "file": "heartflame_white/r1frame11.png"
                },
                {
                    "file": "heartflame_white/r1frame12.png"
                },
                {
                    "file": "heartflame_white/r1frame13.png"
                },
                {
                    "file": "heartflame_white/r1frame14.png"
                },
                {
                    "file": "heartflame_white/r1frame15.png"
                },
                {
                    "file": "heartflame_white/r1frame16.png"
                }
            ]
        ],
        "td": [
            [
                {
                    "file": "heartflame_white/r1frame01.png"
                },
                {
                    "file": "heartflame_white/r1frame02.png"
                },
                {
                    "file": "heartflame_white/r1frame03.png"
                },
                {
                    "file": "heartflame_white/r1frame04.png"
                },
                {
                    "file": "heartflame_white/r1frame05.png"
                },
                {
                    "file": "heartflame_white/r1frame06.png"
                },
                {
                    "file": "heartflame_white/r1frame07.png"
                },
                {
                    "file": "heartflame_white/r1frame08.png"
                },
                {
                    "file": "heartflame_white/r1frame09.png"
                },
                {
                    "file": "heartflame_white/r1frame10.png"
                },
                {
                    "file": "heartflame_white/r1frame11.png"
                },
                {
                    "file": "heartflame_white/r1frame12.png"
                },
                {
                    "file": "heartflame_white/r1frame13.png"
                },
                {
                    "file": "heartflame_white/r1frame14.png"
                },
                {
                    "file": "heartflame_white/r1frame15.png"
                },
                {
                    "file": "heartflame_white/r1frame16.png"
                }
            ]
        ]
    },
    {
        "name": "ROOMFLAME_BLACK",
        "rotatable": false,
        "fp_offset_x": 13,
        "fp_offset_y": 61,
        "td_offset_x": 13,
        "td_offset_y": 61,
        "fp": [
            [
                {
                    "file": "roomflame_black/r1frame01.png"
                },
                {
                    "file": "roomflame_black/r1frame02.png"
                },
                {
                    "file": "roomflame_black/r1frame03.png"
                },
                {
                    "file": "roomflame_black/r1frame04.png"
                },
                {
                    "file": "roomflame_black/r1frame05.png"
                },
                {
                    "file": "roomflame_black/r1frame06.png"
                },
                {
                    "file": "roomflame_black/r1frame07.png"
                },
                {
                    "file": "roomflame_black/r1frame08.png"
                }
            ]
        ],
        "td": [
            [
                {
                    "file": "roomflame_black/r1frame01.png"
                },
                {
                    "file": "roomflame_black/r1frame02.png"
                },
                {
                    "file": "roomflame_black/r1frame03.png"
                },
                {
                    "file": "roomflame_black/r1frame04.png"
                },
                {
                    "file": "roomflame_black/r1frame05.png"
                },
                {
                    "file": "roomflame_black/r1frame06.png"
                },
                {
                    "file": "roomflame_black/r1frame07.png"
                },
                {
                    "file": "roomflame_black/r1frame08.png"
                }
            ]
        ]
    },
    {
        "name": "ROOMFLAME_ORANGE",
        "rotatable": false,
        "fp_offset_x": 13,
        "fp_offset_y": 61,
        "td_offset_x": 13,
        "td_offset_y": 61,
        "fp": [
            [
                {
                    "file": "roomflame_orange/r1frame01.png"
                },
                {
                    "file": "roomflame_orange/r1frame02.png"
                },
                {
                    "file": "roomflame_orange/r1frame03.png"
                },
                {
                    "file": "roomflame_orange/r1frame04.png"
                },
                {
                    "file": "roomflame_orange/r1frame05.png"
                },
                {
                    "file": "roomflame_orange/r1frame06.png"
                },
                {
                    "file": "roomflame_orange/r1frame07.png"
                },
                {
                    "file": "roomflame_orange/r1frame08.png"
                }
            ]
        ],
        "td": [
            [
                {
                    "file": "roomflame_orange/r1frame01.png"
                },
                {
                    "file": "roomflame_orange/r1frame02.png"
                },
                {
                    "file": "roomflame_orange/r1frame03.png"
                },
                {
                    "file": "roomflame_orange/r1frame04.png"
                },
                {
                    "file": "roomflame_orange/r1frame05.png"
                },
                {
                    "file": "roomflame_orange/r1frame06.png"
                },
                {
                    "file": "roomflame_orange/r1frame07.png"
                },
                {
                    "file": "roomflame_orange/r1frame08.png"
                }
            ]
        ]
    },
    {
        "name": "ROOMFLAME_PURPLE",
        "rotatable": false,
        "fp_offset_x": 13,
        "fp_offset_y": 61,
        "td_offset_x": 13,
        "td_offset_y": 61,
        "fp": [
            [
                {
                    "file": "roomflame_purple/r1frame01.png"
                },
                {
                    "file": "roomflame_purple/r1frame02.png"
                },
                {
                    "file": "roomflame_purple/r1frame03.png"
                },
                {
                    "file": "roomflame_purple/r1frame04.png"
                },
                {
                    "file": "roomflame_purple/r1frame05.png"
                },
                {
                    "file": "roomflame_purple/r1frame06.png"
                },
                {
                    "file": "roomflame_purple/r1frame07.png"
                },
                {
                    "file": "roomflame_purple/r1frame08.png"
                }
            ]
        ],
        "td": [
            [
                {
                    "file": "roomflame_purple/r1frame01.png"
                },
                {
                    "file": "roomflame_purple/r1frame02.png"
                },
                {
                    "file": "roomflame_purple/r1frame03.png"
                },
                {
                    "file": "roomflame_purple/r1frame04.png"
                },
                {
                    "file": "roomflame_purple/r1frame05.png"
                },
                {
                    "file": "roomflame_purple/r1frame06.png"
                },
                {
                    "file": "roomflame_purple/r1frame07.png"
                },
                {
                    "file": "roomflame_purple/r1frame08.png"
                }
            ]
        ]
    },
    {
        "name": "ROOMFLAME_WHITE",
        "rotatable": false,
        "fp_offset_x": 13,
        "fp_offset_y": 61,
        "td_offset_x": 13,
        "td_offset_y": 61,
        "fp": [
            [
                {
                    "file": "roomflame_white/r1frame01.png"
                },
                {
                    "file": "roomflame_white/r1frame02.png"
                },
                {
                    "file": "roomflame_white/r1frame03.png"
                },
                {
                    "file": "roomflame_white/r1frame04.png"
                },
                {
                    "file": "roomflame_white/r1frame05.png"
                },
                {
                    "file": "roomflame_white/r1frame06.png"
                },
                {
                    "file": "roomflame_white/r1frame07.png"
                },
                {
                    "file": "roomflame_white/r1frame08.png"
                }
            ]
        ],
        "td": [
            [
                {
                    "file": "roomflame_white/r1frame01.png"
                },
                {
                    "file": "roomflame_white/r1frame02.png"
                },
                {
                    "file": "roomflame_white/r1frame03.png"
                },
                {
                    "file": "roomflame_white/r1frame04.png"
                },
                {
                    "file": "roomflame_white/r1frame05.png"
                },
                {
                    "file": "roomflame_white/r1frame06.png"
                },
                {
                    "file": "roomflame_white/r1frame07.png"
                },
                {
                    "file": "roomflame_white/r1frame08.png"
                }
            ]
        ]
    },
    {
        "name": "SIGHT_SPARKLE_BLACK",
        "rotatable": false,
        "fp_offset_x": 36,
        "fp_offset_y": 60,
        "td_offset_x": 36,
        "td_offset_y": 60,
        "fp": [
            [
                {
                    "file": "sight_sparkle_black/r1frame01.png"
                },
                {
                    "file": "sight_sparkle_black/r1frame02.png"
                },
                {
                    "file": "sight_sparkle_black/r1frame03.png"
                },
                {
                    "file": "sight_sparkle_black/r1frame04.png"
                },
                {
                    "file": "sight_sparkle_black/r1frame05.png"
                },
                {
                    "file": "sight_sparkle_black/r1frame06.png"
                },
                {
                    "file": "sight_sparkle_black/r1frame07.png"
                },
                {
                    "file": "sight_sparkle_black/r1frame08.png"
                },
                {
                    "file": "sight_sparkle_black/r1frame09.png"
                },
                {
                    "file": "sight_sparkle_black/r1frame10.png"
                },
                {
                    "file": "sight_sparkle_black/r1frame11.png"
                },
                {
                    "file": "sight_sparkle_black/r1frame12.png"
                }
            ]
        ],
        "td": [
            [
                {
                    "file": "sight_sparkle_black/r1frame01.png"
                },
                {
                    "file": "sight_sparkle_black/r1frame02.png"
                },
                {
                    "file": "sight_sparkle_black/r1frame03.png"
                },
                {
                    "file": "sight_sparkle_black/r1frame04.png"
                },
                {
                    "file": "sight_sparkle_black/r1frame05.png"
                },
                {
                    "file": "sight_sparkle_black/r1frame06.png"
                },
                {
                    "file": "sight_sparkle_black/r1frame07.png"
                },
                {
                    "file": "sight_sparkle_black/r1frame08.png"
                },
                {
                    "file": "sight_sparkle_black/r1frame09.png"
                },
                {
                    "file": "sight_sparkle_black/r1frame10.png"
                },
                {
                    "file": "sight_sparkle_black/r1frame11.png"
                },
                {
                    "file": "sight_sparkle_black/r1frame12.png"
                }
            ]
        ]
    },
    {
        "name": "SIGHT_SPARKLE_ORANGE",
        "rotatable": false,
        "fp_offset_x": 36,
        "fp_offset_y": 60,
        "td_offset_x": 36,
        "td_offset_y": 60,
        "fp": [
            [
                {
                    "file": "sight_sparkle_orange/r1frame01.png"
                },
                {
                    "file": "sight_sparkle_orange/r1frame02.png"
                },
                {
                    "file": "sight_sparkle_orange/r1frame03.png"
                },
                {
                    "file": "sight_sparkle_orange/r1frame04.png"
                },
                {
                    "file": "sight_sparkle_orange/r1frame05.png"
                },
                {
                    "file": "sight_sparkle_orange/r1frame06.png"
                },
                {
                    "file": "sight_sparkle_orange/r1frame07.png"
                },
                {
                    "file": "sight_sparkle_orange/r1frame08.png"
                },
                {
                    "file": "sight_sparkle_orange/r1frame09.png"
                },
                {
                    "file": "sight_sparkle_orange/r1frame10.png"
                },
                {
                    "file": "sight_sparkle_orange/r1frame11.png"
                },
                {
                    "file": "sight_sparkle_orange/r1frame12.png"
                }
            ]
        ],
        "td": [
            [
                {
                    "file": "sight_sparkle_orange/r1frame01.png"
                },
                {
                    "file": "sight_sparkle_orange/r1frame02.png"
                },
                {
                    "file": "sight_sparkle_orange/r1frame03.png"
                },
                {
                    "file": "sight_sparkle_orange/r1frame04.png"
                },
                {
                    "file": "sight_sparkle_orange/r1frame05.png"
                },
                {
                    "file": "sight_sparkle_orange/r1frame06.png"
                },
                {
                    "file": "sight_sparkle_orange/r1frame07.png"
                },
                {
                    "file": "sight_sparkle_orange/r1frame08.png"
                },
                {
                    "file": "sight_sparkle_orange/r1frame09.png"
                },
                {
                    "file": "sight_sparkle_orange/r1frame10.png"
                },
                {
                    "file": "sight_sparkle_orange/r1frame11.png"
                },
                {
                    "file": "sight_sparkle_orange/r1frame12.png"
                }
            ]
        ]
    },
    {
        "name": "SIGHT_SPARKLE_PURPLE",
        "rotatable": false,
        "fp_offset_x": 36,
        "fp_offset_y": 60,
        "td_offset_x": 36,
        "td_offset_y": 60,
        "fp": [
            [
                {
                    "file": "sight_sparkle_purple/r1frame01.png"
                },
                {
                    "file": "sight_sparkle_purple/r1frame02.png"
                },
                {
                    "file": "sight_sparkle_purple/r1frame03.png"
                },
                {
                    "file": "sight_sparkle_purple/r1frame04.png"
                },
                {
                    "file": "sight_sparkle_purple/r1frame05.png"
                },
                {
                    "file": "sight_sparkle_purple/r1frame06.png"
                },
                {
                    "file": "sight_sparkle_purple/r1frame07.png"
                },
                {
                    "file": "sight_sparkle_purple/r1frame08.png"
                },
                {
                    "file": "sight_sparkle_purple/r1frame09.png"
                },
                {
                    "file": "sight_sparkle_purple/r1frame10.png"
                },
                {
                    "file": "sight_sparkle_purple/r1frame11.png"
                },
                {
                    "file": "sight_sparkle_purple/r1frame12.png"
                }
            ]
        ],
        "td": [
            [
                {
                    "file": "sight_sparkle_purple/r1frame01.png"
                },
                {
                    "file": "sight_sparkle_purple/r1frame02.png"
                },
                {
                    "file": "sight_sparkle_purple/r1frame03.png"
                },
                {
                    "file": "sight_sparkle_purple/r1frame04.png"
                },
                {
                    "file": "sight_sparkle_purple/r1frame05.png"
                },
                {
                    "file": "sight_sparkle_purple/r1frame06.png"
                },
                {
                    "file": "sight_sparkle_purple/r1frame07.png"
                },
                {
                    "file": "sight_sparkle_purple/r1frame08.png"
                },
                {
                    "file": "sight_sparkle_purple/r1frame09.png"
                },
                {
                    "file": "sight_sparkle_purple/r1frame10.png"
                },
                {
                    "file": "sight_sparkle_purple/r1frame11.png"
                },
                {
                    "file": "sight_sparkle_purple/r1frame12.png"
                }
            ]
        ]
    },
    {
        "name": "SIGHT_SPARKLE_WHITE",
        "rotatable": false,
        "fp_offset_x": 36,
        "fp_offset_y": 60,
        "td_offset_x": 36,
        "td_offset_y": 60,
        "fp": [
            [
                {
                    "file": "sight_sparkle_white/r1frame01.png"
                },
                {
                    "file": "sight_sparkle_white/r1frame02.png"
                },
                {
                    "file": "sight_sparkle_white/r1frame03.png"
                },
                {
                    "file": "sight_sparkle_white/r1frame04.png"
                },
                {
                    "file": "sight_sparkle_white/r1frame05.png"
                },
                {
                    "file": "sight_sparkle_white/r1frame06.png"
                },
                {
                    "file": "sight_sparkle_white/r1frame07.png"
                },
                {
                    "file": "sight_sparkle_white/r1frame08.png"
                },
                {
                    "file": "sight_sparkle_white/r1frame09.png"
                },
                {
                    "file": "sight_sparkle_white/r1frame10.png"
                },
                {
                    "file": "sight_sparkle_white/r1frame11.png"
                },
                {
                    "file": "sight_sparkle_white/r1frame12.png"
                }
            ]
        ],
        "td": [
            [
                {
                    "file": "sight_sparkle_white/r1frame01.png"
                },
                {
                    "file": "sight_sparkle_white/r1frame02.png"
                },
                {
                    "file": "sight_sparkle_white/r1frame03.png"
                },
                {
                    "file": "sight_sparkle_white/r1frame04.png"
                },
                {
                    "file": "sight_sparkle_white/r1frame05.png"
                },
                {
                    "file": "sight_sparkle_white/r1frame06.png"
                },
                {
                    "file": "sight_sparkle_white/r1frame07.png"
                },
                {
                    "file": "sight_sparkle_white/r1frame08.png"
                },
                {
                    "file": "sight_sparkle_white/r1frame09.png"
                },
                {
                    "file": "sight_sparkle_white/r1frame10.png"
                },
                {
                    "file": "sight_sparkle_white/r1frame11.png"
                },
                {
                    "file": "sight_sparkle_white/r1frame12.png"
                }
            ]
        ]
    },
    {
        "name": "SPARKS_BLACK",
        "rotatable": false,
        "fp_offset_x": 55,
        "fp_offset_y": 94,
        "td_offset_x": 55,
        "td_offset_y": 94,
        "fp": [
            [
                {
                    "file": "sparks_black/r1frame01.png"
                },
                {
                    "file": "sparks_black/r1frame02.png"
                },
                {
                    "file": "sparks_black/r1frame03.png"
                },
                {
                    "file": "sparks_black/r1frame04.png"
                },
                {
                    "file": "sparks_black/r1frame05.png"
                },
                {
                    "file": "sparks_black/r1frame06.png"
                },
                {
                    "file": "sparks_black/r1frame07.png"
                },
                {
                    "file": "sparks_black/r1frame08.png"
                },
                {
                    "file": "sparks_black/r1frame09.png"
                },
                {
                    "file": "sparks_black/r1frame10.png"
                },
                {
                    "file": "sparks_black/r1frame11.png"
                },
                {
                    "file": "sparks_black/r1frame12.png"
                },
                {
                    "file": "sparks_black/r1frame13.png"
                },
                {
                    "file": "sparks_black/r1frame14.png"
                },
                {
                    "file": "sparks_black/r1frame15.png"
                },
                {
                    "file": "sparks_black/r1frame16.png"
                }
            ]
        ],
        "td": [
            [
                {
                    "file": "sparks_black/r1frame01.png"
                },
                {
                    "file": "sparks_black/r1frame02.png"
                },
                {
                    "file": "sparks_black/r1frame03.png"
                },
                {
                    "file": "sparks_black/r1frame04.png"
                },
                {
                    "file": "sparks_black/r1frame05.png"
                },
                {
                    "file": "sparks_black/r1frame06.png"
                },
                {
                    "file": "sparks_black/r1frame07.png"
                },
                {
                    "file": "sparks_black/r1frame08.png"
                },
                {
                    "file": "sparks_black/r1frame09.png"
                },
                {
                    "file": "sparks_black/r1frame10.png"
                },
                {
                    "file": "sparks_black/r1frame11.png"
                },
                {
                    "file": "sparks_black/r1frame12.png"
                },
                {
                    "file": "sparks_black/r1frame13.png"
                },
                {
                    "file": "sparks_black/r1frame14.png"
                },
                {
                    "file": "sparks_black/r1frame15.png"
                },
                {
                    "file": "sparks_black/r1frame16.png"
                }
            ]
        ]
    },
    {
        "name": "SPARKS_ORANGE",
        "rotatable": false,
        "fp_offset_x": 55,
        "fp_offset_y": 94,
        "td_offset_x": 55,
        "td_offset_y": 94,
        "fp": [
            [
                {
                    "file": "sparks_orange/r1frame01.png"
                },
                {
                    "file": "sparks_orange/r1frame02.png"
                },
                {
                    "file": "sparks_orange/r1frame03.png"
                },
                {
                    "file": "sparks_orange/r1frame04.png"
                },
                {
                    "file": "sparks_orange/r1frame05.png"
                },
                {
                    "file": "sparks_orange/r1frame06.png"
                },
                {
                    "file": "sparks_orange/r1frame07.png"
                },
                {
                    "file": "sparks_orange/r1frame08.png"
                },
                {
                    "file": "sparks_orange/r1frame09.png"
                },
                {
                    "file": "sparks_orange/r1frame10.png"
                },
                {
                    "file": "sparks_orange/r1frame11.png"
                },
                {
                    "file": "sparks_orange/r1frame12.png"
                },
                {
                    "file": "sparks_orange/r1frame13.png"
                },
                {
                    "file": "sparks_orange/r1frame14.png"
                },
                {
                    "file": "sparks_orange/r1frame15.png"
                },
                {
                    "file": "sparks_orange/r1frame16.png"
                }
            ]
        ],
        "td": [
            [
                {
                    "file": "sparks_orange/r1frame01.png"
                },
                {
                    "file": "sparks_orange/r1frame02.png"
                },
                {
                    "file": "sparks_orange/r1frame03.png"
                },
                {
                    "file": "sparks_orange/r1frame04.png"
                },
                {
                    "file": "sparks_orange/r1frame05.png"
                },
                {
                    "file": "sparks_orange/r1frame06.png"
                },
                {
                    "file": "sparks_orange/r1frame07.png"
                },
                {
                    "file": "sparks_orange/r1frame08.png"
                },
                {
                    "file": "sparks_orange/r1frame09.png"
                },
                {
                    "file": "sparks_orange/r1frame10.png"
                },
                {
                    "file": "sparks_orange/r1frame11.png"
                },
                {
                    "file": "sparks_orange/r1frame12.png"
                },
                {
                    "file": "sparks_orange/r1frame13.png"
                },
                {
                    "file": "sparks_orange/r1frame14.png"
                },
                {
                    "file": "sparks_orange/r1frame15.png"
                },
                {
                    "file": "sparks_orange/r1frame16.png"
                }
            ]
        ]
    },
    {
        "name": "SPARKS_PURPLE",
        "rotatable": false,
        "fp_offset_x": 55,
        "fp_offset_y": 94,
        "td_offset_x": 55,
        "td_offset_y": 94,
        "fp": [
            [
                {
                    "file": "sparks_purple/r1frame01.png"
                },
                {
                    "file": "sparks_purple/r1frame02.png"
                },
                {
                    "file": "sparks_purple/r1frame03.png"
                },
                {
                    "file": "sparks_purple/r1frame04.png"
                },
                {
                    "file": "sparks_purple/r1frame05.png"
                },
                {
                    "file": "sparks_purple/r1frame06.png"
                },
                {
                    "file": "sparks_purple/r1frame07.png"
                },
                {
                    "file": "sparks_purple/r1frame08.png"
                },
                {
                    "file": "sparks_purple/r1frame09.png"
                },
                {
                    "file": "sparks_purple/r1frame10.png"
                },
                {
                    "file": "sparks_purple/r1frame11.png"
                },
                {
                    "file": "sparks_purple/r1frame12.png"
                },
                {
                    "file": "sparks_purple/r1frame13.png"
                },
                {
                    "file": "sparks_purple/r1frame14.png"
                },
                {
                    "file": "sparks_purple/r1frame15.png"
                },
                {
                    "file": "sparks_purple/r1frame16.png"
                }
            ]
        ],
        "td": [
            [
                {
                    "file": "sparks_purple/r1frame01.png"
                },
                {
                    "file": "sparks_purple/r1frame02.png"
                },
                {
                    "file": "sparks_purple/r1frame03.png"
                },
                {
                    "file": "sparks_purple/r1frame04.png"
                },
                {
                    "file": "sparks_purple/r1frame05.png"
                },
                {
                    "file": "sparks_purple/r1frame06.png"
                },
                {
                    "file": "sparks_purple/r1frame07.png"
                },
                {
                    "file": "sparks_purple/r1frame08.png"
                },
                {
                    "file": "sparks_purple/r1frame09.png"
                },
                {
                    "file": "sparks_purple/r1frame10.png"
                },
                {
                    "file": "sparks_purple/r1frame11.png"
                },
                {
                    "file": "sparks_purple/r1frame12.png"
                },
                {
                    "file": "sparks_purple/r1frame13.png"
                },
                {
                    "file": "sparks_purple/r1frame14.png"
                },
                {
                    "file": "sparks_purple/r1frame15.png"
                },
                {
                    "file": "sparks_purple/r1frame16.png"
                }
            ]
        ]
    }
]